Dist1,Dist2,Dist3,Dist4,Dist5,Dist6,Dist7,Choice,Velocity
96,149,65,51,64,148,89,8,0
96,149,65,51,64,148,89,8,0
96,149,65,51,64,148,89,8,0
96,149,65,51,64,148,89,8,0
96,149,65,51,64,148,89,8,0
96,149,65,51,64,148,89,8,0
96,149,65,51,64,148,89,8,0
96,149,65,51,64,148,89,8,0
96,149,65,51,64,148,89,8,0
96,149,65,51,64,148,89,8,0
96,149,65,51,64,148,89,8,0
96,149,65,51,64,148,89,8,0
96,149,65,51,64,148,89,8,0
96,149,65,51,64,148,89,8,0
96,149,65,51,64,148,89,8,0
96,149,65,51,64,148,89,8,0
96,149,65,51,64,148,89,8,0
96,149,65,51,64,148,89,8,0
96,149,65,51,64,148,89,8,0
96,149,65,51,64,148,89,8,0
96,149,65,51,64,148,89,8,0
96,149,65,51,64,148,89,8,0
96,149,65,51,64,148,89,8,0
96,149,65,51,64,148,89,8,0
96,149,65,51,64,148,89,8,0
96,149,65,51,64,148,89,8,0
96,149,65,51,64,148,89,8,0
96,149,65,51,64,148,89,8,0
96,149,65,51,64,148,89,8,0
96,149,65,51,64,148,89,8,0
96,149,65,51,64,148,89,8,0
96,149,65,51,64,148,89,8,0
96,149,65,51,64,148,89,8,0
96,149,65,51,64,148,89,8,0
96,149,65,51,64,148,89,8,0
96,149,65,51,64,148,89,8,0
96,149,65,51,64,148,89,8,0
96,149,65,51,64,148,89,8,0
96,149,65,51,64,148,89,8,0
96,149,65,51,64,148,89,8,0
96,149,65,51,64,148,89,8,0
96,149,65,51,64,148,89,8,0
96,149,65,51,64,148,89,8,0
96,149,65,51,64,148,89,8,0
96,149,65,51,64,148,89,8,0
96,149,65,51,64,148,89,8,0
96,149,65,51,64,148,89,8,0
96,149,65,51,64,148,89,8,0
96,149,65,51,64,148,89,8,0
96,149,65,51,64,148,89,8,0
96,149,65,51,64,148,89,8,0
96,149,65,51,64,148,89,8,0
96,149,65,51,64,148,89,8,0
96,149,65,51,64,148,89,8,0
96,149,65,51,64,148,89,8,0
96,149,65,51,64,148,89,8,0
96,149,65,51,64,148,89,8,0
96,149,65,51,64,148,89,8,0
96,149,65,51,64,148,89,8,0
96,149,65,51,64,148,89,8,0
96,149,65,51,64,148,89,8,0
96,149,65,51,64,148,89,8,0
96,149,65,51,64,148,89,8,0
96,149,65,51,64,148,89,8,0
96,149,65,51,64,148,89,8,0
96,149,65,51,64,148,89,3,0.005
96,149,65,51,64,148,89,3,0.01
96,149,65,51,64,148,89,3,0.015
95,149,65,51,64,148,89,3,0.02
95,149,65,51,64,148,89,3,0.025
95,149,65,51,64,148,89,3,0.030000000000000002
95,149,65,51,64,148,89,3,0.035
95,149,65,51,64,148,89,3,0.04
95,149,65,51,64,148,89,3,0.045
95,149,65,51,64,148,89,3,0.049999999999999996
96,149,64,51,64,148,89,3,0.05499999999999999
96,149,64,51,64,148,89,3,0.05999999999999999
96,149,65,51,64,148,89,3,0.06499999999999999
94,149,65,51,64,148,89,3,0.06999999999999999
94,149,65,51,64,148,89,3,0.075
94,149,65,51,63,148,89,3,0.08
94,149,65,51,65,148,89,3,0.085
94,148,65,51,65,148,89,3,0.09000000000000001
95,149,66,51,65,148,89,3,0.09500000000000001
94,149,66,51,64,148,91,3,0.10000000000000002
94,149,66,51,64,148,90,3,0.10500000000000002
94,149,66,51,64,148,90,3,0.11000000000000003
94,149,65,51,64,148,90,3,0.11500000000000003
93,149,67,51,64,148,90,3,0.12000000000000004
93,149,66,51,63,149,90,3,0.12500000000000003
93,149,66,51,65,148,90,3,0.13000000000000003
93,149,66,52,65,148,90,3,0.13500000000000004
93,149,66,52,64,148,90,3,0.14000000000000004
93,149,67,52,64,148,90,3,0.14500000000000005
94,149,67,52,64,148,90,3,0.15000000000000005
94,149,67,52,64,148,92,3,0.15500000000000005
93,149,66,52,63,149,91,3,0.16000000000000006
94,148,66,52,65,148,91,3,0.16500000000000006
92,149,66,52,64,148,90,3,0.17000000000000007
92,149,67,52,64,148,90,3,0.17500000000000007
92,149,67,52,64,148,90,3,0.18000000000000008
92,149,67,52,64,148,91,3,0.18500000000000008
92,149,66,52,63,148,91,3,0.19000000000000009
92,149,66,52,63,148,91,3,0.1950000000000001
91,149,67,52,63,148,91,3,0.2000000000000001
91,149,67,51,62,148,91,3,0.2050000000000001
91,149,67,51,62,148,91,3,0.2100000000000001
92,149,66,51,64,148,91,3,0.2150000000000001
91,149,67,51,63,148,91,3,0.2200000000000001
91,149,67,51,63,148,91,3,0.22500000000000012
90,149,67,51,62,148,91,3,0.23000000000000012
90,149,66,51,64,149,93,3,0.23500000000000013
91,149,67,51,63,148,92,3,0.24000000000000013
90,149,67,51,63,148,92,3,0.24500000000000013
90,149,67,50,63,148,94,3,0.2500000000000001
89,149,67,50,64,149,93,3,0.2550000000000001
89,149,67,50,63,148,92,3,0.2600000000000001
90,149,66,50,63,148,92,3,0.2650000000000001
89,149,66,50,62,148,93,3,0.27000000000000013
89,149,67,50,62,148,93,3,0.27500000000000013
90,149,67,50,62,148,93,3,0.28000000000000014
89,149,66,50,61,148,93,3,0.28500000000000014
89,149,67,50,63,148,93,3,0.29000000000000015
90,148,67,50,62,148,94,3,0.29500000000000015
90,149,68,50,62,148,93,3,0.30000000000000016
89,149,67,50,63,148,93,3,0.30500000000000016
88,149,67,50,62,148,94,3,0.31000000000000016
88,149,68,50,62,148,94,3,0.31500000000000017
88,149,67,50,63,148,94,3,0.3200000000000002
88,149,68,50,62,149,94,3,0.3250000000000002
88,149,68,51,62,148,94,3,0.3300000000000002
88,149,67,51,61,148,94,3,0.3350000000000002
87,149,68,51,61,149,94,3,0.3400000000000002
87,149,68,51,60,148,94,3,0.3450000000000002
86,149,67,51,61,148,94,3,0.3500000000000002
86,149,68,51,61,148,94,3,0.3550000000000002
86,149,68,51,60,148,94,3,0.3600000000000002
86,149,68,51,61,148,94,3,0.3650000000000002
86,148,67,51,61,148,95,3,0.3700000000000002
85,149,67,51,62,148,95,3,0.3750000000000002
84,149,68,50,62,148,95,3,0.3800000000000002
84,149,67,50,62,148,95,3,0.38500000000000023
85,149,68,50,61,148,95,3,0.39000000000000024
83,149,69,50,61,148,95,3,0.39500000000000024
83,149,68,50,60,148,96,3,0.40000000000000024
82,149,69,50,60,148,96,3,0.40500000000000025
82,149,68,50,61,148,96,3,0.41000000000000025
82,149,69,50,60,148,97,3,0.41500000000000026
83,149,69,50,60,148,97,3,0.42000000000000026
82,149,69,50,59,148,97,3,0.42500000000000027
82,149,69,50,58,148,97,3,0.43000000000000027
82,149,68,50,59,148,96,3,0.4350000000000003
82,149,69,50,59,148,97,3,0.4400000000000003
82,149,68,50,59,148,96,3,0.4450000000000003
83,149,69,50,59,148,97,3,0.4500000000000003
82,148,68,50,60,148,96,3,0.4550000000000003
82,149,68,50,59,148,95,3,0.4600000000000003
82,149,68,50,58,148,96,3,0.4650000000000003
81,149,69,50,58,148,95,3,0.4700000000000003
81,149,69,50,58,148,95,3,0.4750000000000003
81,149,70,50,58,148,96,3,0.4800000000000003
81,149,69,50,59,149,96,3,0.4850000000000003
82,149,70,50,58,148,96,3,0.4900000000000003
81,149,69,50,57,149,96,3,0.49500000000000033
82,149,70,50,58,148,96,3,0.5000000000000003
82,149,69,50,57,149,97,3,0.5050000000000003
81,149,71,50,56,148,97,3,0.5100000000000003
80,149,70,49,57,148,97,3,0.5150000000000003
80,149,71,49,56,148,97,3,0.5200000000000004
79,149,70,48,57,148,98,3,0.5250000000000004
80,149,71,48,58,148,98,3,0.5300000000000004
79,149,71,48,57,148,98,3,0.5350000000000004
80,149,72,49,56,148,98,3,0.5400000000000004
78,148,71,49,56,148,98,3,0.5450000000000004
78,149,72,49,56,148,97,3,0.5500000000000004
78,149,71,48,56,148,98,3,0.5550000000000004
78,149,72,48,56,148,98,3,0.5600000000000004
77,149,72,48,55,148,97,3,0.5650000000000004
75,149,72,48,54,149,96,3,0.5700000000000004
76,149,71,48,55,148,96,3,0.5750000000000004
75,149,71,48,54,148,97,3,0.5800000000000004
75,149,71,48,55,148,97,3,0.5850000000000004
59,149,71,47,54,148,97,3,0.5900000000000004
75,149,72,47,55,148,97,3,0.5950000000000004
76,149,73,47,54,148,97,3,0.6000000000000004
75,149,72,47,55,148,97,3,0.6050000000000004
75,149,73,47,54,148,97,3,0.6100000000000004
63,149,73,47,54,148,96,3,0.6150000000000004
74,149,73,48,55,148,97,3,0.6200000000000004
75,149,72,48,54,148,95,3,0.6250000000000004
74,149,71,48,53,148,96,3,0.6300000000000004
66,149,72,48,54,148,96,3,0.6350000000000005
74,149,72,47,53,147,96,3,0.6400000000000005
74,149,72,47,53,146,96,3,0.6450000000000005
70,149,71,47,52,146,96,3,0.6500000000000005
71,149,72,47,51,145,96,3,0.6550000000000005
71,149,71,47,52,145,95,3,0.6600000000000005
72,149,73,46,53,144,96,3,0.6650000000000005
72,149,73,45,53,143,96,3,0.6700000000000005
74,149,72,45,52,142,95,3,0.6750000000000005
73,149,73,45,51,142,95,3,0.6800000000000005
75,149,73,45,52,141,96,3,0.6850000000000005
74,149,73,46,51,140,94,3,0.6900000000000005
75,149,72,45,51,140,95,3,0.6950000000000005
73,149,72,45,50,139,95,3,0.7000000000000005
74,149,72,45,51,138,95,3,0.7
73,149,73,45,50,138,95,3,0.7
73,149,73,44,50,137,94,3,0.7
74,149,74,44,49,136,95,3,0.7
74,149,74,44,50,136,95,3,0.7
74,149,73,44,50,135,93,3,0.7
73,149,74,44,50,134,94,3,0.7
74,149,74,43,50,133,94,3,0.7
72,149,73,43,50,133,94,3,0.7
73,149,73,44,148,132,94,3,0.7
72,149,71,44,148,131,94,3,0.7
73,149,72,44,148,131,92,3,0.7
73,149,72,43,148,130,92,3,0.7
74,148,71,43,148,129,93,3,0.7
73,149,72,42,148,129,91,3,0.7
73,149,71,42,147,128,92,3,0.7
74,149,72,42,148,127,92,3,0.7
75,149,71,42,148,126,92,3,0.7
74,149,73,41,147,126,92,3,0.7
74,149,73,41,148,125,92,3,0.7
74,149,72,41,148,124,92,3,0.7
74,149,72,41,147,124,92,3,0.7
75,149,71,42,148,123,91,3,0.7
74,149,71,41,148,122,91,3,0.7
74,149,72,41,148,122,90,3,0.7
75,149,72,41,148,121,90,3,0.7
75,149,71,41,148,120,88,3,0.7
75,149,72,40,148,119,89,3,0.7
75,149,71,40,147,119,87,3,0.7
76,149,71,40,148,118,87,3,0.7
76,149,71,39,148,117,88,3,0.7
76,149,71,39,147,117,88,3,0.7
76,149,70,39,148,116,88,3,0.7
77,149,70,39,148,115,88,3,0.7
76,149,72,39,148,115,88,3,0.7
76,149,71,38,148,114,86,3,0.7
78,148,71,39,148,113,86,3,0.7
78,149,69,39,148,112,86,3,0.7
77,149,69,39,148,112,86,3,0.7
77,149,69,38,148,111,86,3,0.7
76,149,68,38,148,110,86,3,0.7
76,149,68,38,147,110,84,3,0.7
76,149,67,37,148,109,85,3,0.7
78,149,69,37,148,108,83,3,0.7
79,149,69,37,147,108,83,3,0.7
77,149,68,37,148,107,84,3,0.7
77,149,70,37,148,106,84,4,0.7
78,149,69,37,148,106,84,4,0.7
77,149,71,36,148,105,84,4,0.7
76,149,72,36,147,106,82,4,0.7
76,149,73,36,148,106,84,4,0.7
77,149,75,36,148,106,83,4,0.7
78,149,74,36,148,105,82,3,0.7
77,149,74,35,148,105,82,3,0.7
77,149,73,35,148,104,81,3,0.7
78,149,73,35,148,103,81,3,0.7
79,149,72,34,148,103,82,3,0.7
79,149,71,34,148,102,80,3,0.7
78,149,71,34,148,101,81,3,0.7
78,149,72,36,148,100,81,3,0.7
79,149,72,35,148,100,81,3,0.7
79,149,73,35,148,99,80,3,0.7
79,149,73,34,148,98,79,3,0.7
80,149,72,36,148,98,79,3,0.7
79,149,70,37,148,97,78,3,0.7
79,149,71,38,148,96,78,3,0.7
80,149,70,41,148,96,78,3,0.7
80,149,69,42,148,95,77,3,0.7
80,149,69,43,148,94,76,3,0.7
80,149,68,43,148,93,76,3,0.7
81,149,70,43,148,93,76,4,0.7
80,149,69,45,148,93,75,4,0.7
80,149,71,45,148,92,76,4,0.7
79,149,72,45,148,93,76,4,0.7
80,149,76,45,148,92,75,4,0.7
80,149,77,45,147,92,75,4,0.7
80,149,78,45,148,92,74,4,0.7
81,149,80,46,148,92,74,4,0.7
79,149,81,48,147,92,72,4,0.7
79,149,81,49,148,92,72,4,0.7
80,149,83,49,148,91,71,4,0.7
79,149,85,49,148,91,72,4,0.7
80,149,84,49,148,91,71,3,0.7
81,149,83,51,148,90,72,3,0.7
81,149,84,53,148,89,71,3,0.7
80,149,83,52,148,89,70,3,0.7
81,149,82,53,148,88,70,3,0.7
80,149,82,53,147,87,70,3,0.7
81,149,79,57,147,87,70,3,0.7
83,149,79,57,148,86,68,3,0.7
82,149,78,59,148,85,68,3,0.7
82,149,77,60,148,84,67,3,0.7
84,149,76,62,148,84,68,3,0.7
84,149,74,63,148,83,66,3,0.7
84,149,74,64,148,82,67,3,0.7
83,149,75,64,148,82,66,4,0.7
84,149,78,64,148,82,65,4,0.7
83,149,80,64,147,82,65,4,0.7
83,149,82,64,148,82,65,4,0.7
83,149,84,64,148,82,64,4,0.7
83,149,87,64,148,82,65,4,0.7
83,149,91,64,148,83,63,4,0.7
83,149,92,64,148,82,62,4,0.7
84,149,95,64,147,83,63,4,0.7
84,149,96,63,148,82,63,4,0.7
83,149,99,63,148,83,62,4,0.7
82,149,101,63,148,82,61,4,0.7
82,149,104,63,148,82,61,4,0.7
83,149,112,62,148,83,61,4,0.7
82,149,112,62,148,82,60,4,0.7
83,145,117,62,148,82,60,4,0.7
83,145,121,62,148,81,60,4,0.7
83,140,124,62,148,82,59,4,0.7
83,136,127,62,148,82,59,4,0.7
83,135,134,62,148,82,58,4,0.7
82,134,138,62,148,82,58,4,0.7
82,131,141,62,148,83,58,4,0.7
82,132,143,62,148,83,58,4,0.7
82,130,149,62,148,82,58,4,0.7
82,129,149,63,148,83,57,4,0.7
82,127,149,63,148,84,57,4,0.7
82,126,149,63,148,85,56,4,0.7
82,124,149,63,148,85,57,4,0.7
82,125,149,63,148,85,56,4,0.7
82,124,149,63,148,84,55,4,0.7
82,123,149,63,148,85,55,4,0.7
82,124,149,63,147,85,54,4,0.7
81,123,149,63,148,86,54,4,0.7
81,122,148,63,148,86,54,4,0.7
81,121,149,63,148,87,54,4,0.7
81,122,149,63,148,87,54,4,0.7
80,121,149,63,148,88,53,4,0.7
80,121,149,63,148,88,53,4,0.7
80,121,149,63,148,89,54,4,0.7
80,120,149,63,148,90,53,4,0.7
79,119,149,62,148,90,52,4,0.7
79,120,149,62,148,91,53,4,0.7
79,119,149,62,148,91,52,4,0.7
78,118,149,62,148,93,52,4,0.7
78,118,149,62,148,93,53,4,0.7
77,119,149,62,148,94,52,4,0.7
78,118,149,62,148,95,51,4,0.7
77,118,149,62,148,96,52,4,0.7
78,119,149,62,148,96,51,4,0.7
76,117,149,62,148,98,51,4,0.7
76,117,149,61,148,98,51,4,0.7
76,117,149,61,148,100,51,4,0.7
75,117,149,62,148,101,51,4,0.7
75,117,149,62,148,102,51,4,0.7
74,117,149,62,148,103,52,4,0.7
74,117,149,62,148,103,51,4,0.7
73,116,149,62,148,105,52,4,0.7
73,117,149,62,148,106,51,4,0.7
73,116,149,62,148,108,51,4,0.7
72,117,149,62,148,110,52,4,0.7
70,117,149,62,148,111,51,4,0.7
70,117,149,62,148,112,52,4,0.7
69,117,150,62,148,115,51,4,0.7
69,116,149,62,148,116,51,4,0.7
69,116,149,62,148,117,51,4,0.7
68,116,150,62,148,119,51,4,0.7
68,116,149,60,148,121,51,4,0.7
68,117,150,62,149,120,50,3,0.7
68,118,149,62,148,119,51,3,0.7
69,118,149,62,148,119,51,3,0.7
68,120,149,61,148,118,50,3,0.7
69,120,149,63,148,117,50,3,0.7
67,121,149,63,148,116,49,3,0.7
68,121,149,63,148,116,49,3,0.7
69,122,149,63,148,115,50,3,0.7
69,123,149,62,148,114,49,3,0.7
69,123,149,62,148,118,49,4,0.7
69,123,149,62,149,119,49,4,0.7
68,123,149,62,148,122,49,4,0.7
67,123,149,64,148,124,50,4,0.7
66,123,150,62,148,127,51,4,0.7
65,122,149,62,147,129,50,4,0.7
64,122,149,62,142,133,50,4,0.7
64,122,149,62,138,134,50,4,0.7
64,121,149,63,134,138,51,4,0.7
64,122,150,63,129,140,51,4,0.7
62,121,149,63,128,142,52,4,0.7
61,121,149,63,124,145,51,4,0.7
60,121,149,63,120,148,51,4,0.7
60,121,149,63,118,148,52,4,0.7
59,121,149,63,117,148,52,4,0.7
60,121,149,63,115,147,52,4,0.7
60,121,149,63,111,148,53,4,0.7
59,120,150,63,111,148,53,4,0.7
58,120,150,63,109,148,54,4,0.7
58,120,150,63,106,148,54,4,0.7
57,120,149,63,103,148,54,4,0.7
55,118,149,63,102,148,55,4,0.7
55,118,149,63,99,148,55,4,0.7
55,118,149,63,97,148,56,4,0.7
56,119,150,63,97,148,56,3,0.7
55,120,149,63,98,148,56,3,0.7
55,121,149,63,98,148,55,3,0.7
57,121,149,63,100,148,55,3,0.7
56,122,149,63,100,148,56,3,0.7
56,123,149,63,100,148,55,3,0.7
57,123,149,64,101,148,55,3,0.7
57,124,149,64,101,148,56,3,0.7
56,125,150,64,103,148,56,3,0.7
57,125,149,64,102,148,56,3,0.7
58,126,149,63,103,148,55,3,0.7
58,127,149,64,102,148,55,3,0.7
56,128,149,64,102,148,55,3,0.7
57,128,149,64,102,148,55,3,0.7
57,129,149,63,104,148,54,3,0.7
56,128,149,63,101,147,54,4,0.7
56,128,149,63,99,148,56,4,0.7
56,128,149,64,99,148,56,4,0.7
55,127,149,63,98,148,57,4,0.7
55,127,149,64,96,147,57,4,0.7
54,126,149,64,94,148,57,4,0.7
54,125,149,64,93,148,59,4,0.7
54,124,149,64,91,148,59,4,0.7
53,124,149,64,89,148,59,4,0.7
54,123,149,64,88,148,59,4,0.7
54,122,150,64,86,148,60,4,0.7
53,122,149,64,85,148,61,4,0.7
54,120,149,64,84,148,61,4,0.7
53,120,149,64,83,148,63,4,0.7
53,119,149,64,83,148,65,4,0.7
52,119,149,64,83,148,65,4,0.7
51,119,149,64,82,148,65,3,0.7
52,120,150,63,81,148,65,3,0.7
53,121,149,64,81,148,65,3,0.7
52,121,149,64,82,148,65,3,0.7
54,122,149,63,81,148,64,3,0.7
53,124,149,63,82,148,64,3,0.7
53,123,149,63,81,148,64,3,0.7
53,124,149,63,83,148,64,3,0.7
53,126,150,62,82,147,65,3,0.7
54,126,149,62,82,148,65,3,0.7
54,126,149,62,83,148,65,3,0.7
54,127,149,62,82,148,65,3,0.7
53,128,149,61,82,148,65,3,0.7
54,128,149,62,83,148,63,3,0.7
55,129,149,62,84,148,64,3,0.7
54,131,149,62,83,148,64,3,0.7
54,130,149,61,84,148,64,3,0.7
53,131,150,61,82,148,64,3,0.7
54,133,150,61,82,147,64,3,0.7
55,133,149,61,82,148,65,3,0.7
55,133,149,60,83,148,65,3,0.7
54,134,149,61,82,148,65,3,0.7
55,135,149,61,84,148,65,3,0.7
55,135,149,61,83,148,64,3,0.7
56,136,149,61,83,148,64,3,0.7
55,138,149,60,83,148,64,3,0.7
56,137,149,60,83,148,64,3,0.7
56,138,150,60,82,148,64,3,0.7
57,140,150,60,82,148,63,3,0.7
56,140,149,60,82,148,64,3,0.7
57,140,149,60,83,148,64,3,0.7
57,141,149,60,82,148,65,3,0.7
57,142,149,61,84,148,65,3,0.7
57,142,149,61,83,148,65,3,0.7
58,143,149,61,83,147,65,3,0.7
58,145,149,61,83,148,65,3,0.7
58,144,149,61,84,148,65,3,0.7
57,145,150,61,85,148,65,3,0.7
58,147,150,60,84,148,65,3,0.7
59,147,149,60,83,148,65,3,0.7
59,147,149,61,83,148,64,3,0.7
58,148,149,61,84,148,65,3,0.7
57,149,149,60,84,148,65,3,0.7
58,149,149,60,83,148,66,3,0.7
60,149,104,60,83,148,65,3,0.7
59,149,103,60,84,148,65,3,0.7
58,149,103,60,85,148,65,3,0.7
59,149,102,59,85,147,65,3,0.7
59,149,102,59,85,148,65,3,0.7
59,149,101,60,84,148,65,3,0.7
58,149,101,60,84,148,64,3,0.7
60,149,99,60,85,148,64,3,0.7
60,150,100,60,86,148,64,3,0.7
58,149,99,60,86,148,65,3,0.7
59,149,99,60,86,148,65,3,0.7
60,150,98,59,84,148,65,3,0.7
61,149,99,59,85,148,65,3,0.7
59,149,98,59,84,147,65,3,0.7
60,149,98,59,85,148,65,3,0.7
59,149,97,60,84,148,64,3,0.7
61,149,97,59,84,148,64,3,0.7
62,149,96,59,85,148,64,3,0.7
61,149,95,59,86,148,64,3,0.7
60,149,94,59,85,148,64,3,0.7
60,149,94,58,86,148,64,3,0.7
61,149,95,58,85,148,64,3,0.7
61,149,95,58,86,148,64,3,0.7
61,149,95,58,86,148,63,3,0.7
62,150,94,59,87,148,63,3,0.7
62,149,94,59,86,148,63,3,0.7
60,149,93,59,87,148,63,3,0.7
62,149,93,59,86,148,64,3,0.7
61,149,93,59,88,148,64,3,0.7
62,149,94,58,87,147,64,3,0.7
61,149,92,58,87,148,64,3,0.7
62,149,93,58,88,148,64,3,0.7
62,149,91,58,87,148,62,3,0.7
61,149,92,58,87,148,63,3,0.7
62,149,91,59,88,148,63,3,0.7
63,149,91,59,89,148,63,3,0.7
63,149,91,59,88,148,63,3,0.7
62,150,91,59,89,148,63,3,0.7
63,149,91,58,88,148,63,3,0.7
64,149,91,58,90,148,63,3,0.7
64,149,91,58,89,148,61,3,0.7
64,149,91,58,89,148,62,3,0.7
63,149,90,58,89,148,62,3,0.7
63,149,90,59,90,148,62,3,0.7
62,149,91,59,89,148,62,3,0.7
63,149,90,59,92,148,62,3,0.7
62,149,90,59,91,148,62,3,0.7
64,149,89,59,93,148,62,3,0.7
65,149,89,59,93,148,60,3,0.7
64,149,88,59,92,148,61,3,0.7
63,150,89,59,92,148,61,3,0.7
64,149,88,59,93,148,61,3,0.7
63,149,88,59,94,148,62,3,0.7
64,149,89,59,92,148,62,4,0.7
63,149,91,59,90,148,63,4,0.7
61,149,92,59,90,148,63,4,0.7
63,149,94,59,87,148,64,4,0.7
62,149,95,59,87,148,64,4,0.7
60,149,98,59,85,148,65,4,0.7
59,149,99,59,83,148,66,4,0.7
59,149,102,59,81,148,67,4,0.7
58,149,103,60,80,148,67,4,0.7
59,149,103,60,80,148,68,4,0.7
58,149,104,60,79,148,68,3,0.7
60,149,104,60,79,148,68,3,0.7
60,149,103,60,80,148,68,3,0.7
60,149,102,59,81,148,68,3,0.7
60,149,102,59,82,147,68,3,0.7
59,149,103,59,82,148,68,3,0.7
61,149,101,59,81,148,68,3,0.7
60,149,99,59,82,148,68,3,0.7
60,149,100,59,81,148,67,3,0.7
61,149,99,59,81,148,67,3,0.7
60,149,99,59,82,148,68,3,0.7
61,149,99,59,82,148,67,3,0.7
61,149,99,58,81,148,67,3,0.7
61,149,98,58,82,148,68,3,0.7
61,149,97,58,84,147,66,3,0.7
61,149,96,58,83,148,67,3,0.7
61,149,95,58,82,148,67,3,0.7
61,149,96,58,82,148,68,3,0.7
61,149,94,58,81,148,67,3,0.7
61,149,94,58,83,148,67,3,0.7
62,149,95,58,84,148,67,3,0.7
61,149,95,58,84,148,67,3,0.7
61,149,94,58,84,148,67,3,0.7
60,149,95,58,83,148,68,4,0.7
61,149,96,58,82,148,69,4,0.7
60,149,98,58,81,148,69,4,0.7
60,149,100,58,79,148,69,4,0.7
59,149,103,58,78,148,70,4,0.7
58,149,104,58,76,148,71,4,0.7
58,149,106,58,77,148,72,4,0.7
58,149,110,58,75,148,73,4,0.7
58,149,110,58,76,148,73,3,0.7
59,149,108,58,75,148,73,3,0.7
60,149,108,57,75,148,73,3,0.7
60,149,107,57,75,148,72,3,0.7
59,149,106,57,76,148,73,3,0.7
61,149,105,57,76,148,73,3,0.7
60,149,105,57,76,148,74,3,0.7
60,149,103,57,76,148,73,3,0.7
60,149,104,57,76,148,73,3,0.7
61,149,102,57,76,148,72,3,0.7
61,149,101,56,77,148,73,3,0.7
62,149,101,56,77,148,71,3,0.7
62,149,101,56,77,149,72,3,0.7
61,149,102,56,77,148,73,3,0.7
62,149,101,56,78,148,72,3,0.7
62,149,101,56,78,148,72,3,0.7
62,149,102,56,76,148,71,3,0.7
63,149,102,56,77,148,71,3,0.7
63,149,102,56,77,148,70,3,0.7
62,149,101,56,76,148,71,3,0.7
62,149,99,55,78,148,71,3,0.7
63,149,100,55,79,148,70,3,0.7
63,149,98,55,79,148,70,3,0.7
64,149,98,55,79,148,70,3,0.7
64,149,97,55,79,148,70,3,0.7
63,149,96,55,79,148,71,3,0.7
64,149,97,55,80,148,70,3,0.7
64,149,96,55,80,148,70,3,0.7
64,149,96,55,80,148,71,3,0.7
64,149,97,55,82,148,70,3,0.7
65,149,96,55,82,148,70,3,0.7
64,149,95,54,81,147,71,3,0.7
66,149,95,54,82,147,71,3,0.7
66,149,93,54,84,146,70,3,0.7
65,148,92,54,87,145,69,3,0.7
66,149,93,54,149,144,69,3,0.7
66,149,91,54,149,144,70,3,0.7
65,149,94,54,89,145,71,4,0.7
65,149,94,54,83,146,72,4,0.7
64,149,97,54,82,147,71,4,0.7
63,149,99,54,80,148,72,4,0.7
63,149,103,54,78,148,73,4,0.7
64,149,104,54,77,148,73,4,0.7
62,149,105,54,76,148,75,4,0.7
63,149,107,54,75,148,74,4,0.7
63,149,107,54,75,148,75,3,0.7
63,149,106,54,75,149,76,3,0.7
63,149,106,54,75,148,75,3,0.7
63,149,106,54,77,148,75,3,0.7
64,148,105,54,77,148,74,3,0.7
64,149,104,54,78,148,73,3,0.7
63,149,102,54,79,147,74,3,0.7
64,149,102,53,83,146,74,3,0.7
63,149,100,53,94,146,75,3,0.7
64,149,100,53,149,145,75,3,0.7
64,149,99,53,148,144,75,3,0.7
64,149,99,53,148,144,74,3,0.7
65,149,99,53,149,143,75,3,0.7
65,149,98,53,149,142,74,3,0.7
65,148,97,53,148,141,74,3,0.7
64,149,96,52,149,141,73,3,0.7
64,149,96,52,149,140,74,3,0.7
65,149,97,52,149,139,73,3,0.7
65,149,97,52,149,139,74,3,0.7
67,149,95,52,149,138,73,3,0.7
67,149,95,52,148,137,73,3,0.7
66,149,93,52,148,137,72,3,0.7
68,149,93,53,148,136,73,3,0.7
67,149,93,53,148,135,72,3,0.7
67,149,93,52,149,134,72,3,0.7
67,149,94,52,149,134,71,3,0.7
68,149,92,52,149,133,72,3,0.7
68,149,92,52,149,132,71,3,0.7
68,149,92,52,149,132,71,3,0.7
67,149,93,52,149,131,70,3,0.7
69,148,92,52,148,130,69,3,0.7
69,149,91,52,148,130,70,3,0.7
68,149,91,51,148,129,71,3,0.7
69,149,91,51,149,128,70,3,0.7
69,149,89,51,149,127,70,3,0.7
69,149,90,52,149,127,69,3,0.7
69,149,90,52,148,126,70,3,0.7
69,149,88,52,149,125,69,3,0.7
70,149,89,51,149,125,70,3,0.7
70,149,86,51,149,124,69,3,0.7
69,149,87,51,148,123,69,3,0.7
70,149,86,51,148,123,68,3,0.7
69,149,86,51,149,122,69,3,0.7
70,149,86,51,149,121,68,3,0.7
70,149,85,51,149,120,69,3,0.7
70,149,85,51,149,120,68,3,0.7
71,148,86,51,148,119,68,3,0.7
71,149,84,51,148,118,67,3,0.7
71,149,84,52,149,118,66,3,0.7
70,149,84,52,148,117,67,3,0.7
70,149,82,51,149,116,67,3,0.7
71,149,82,51,149,116,66,3,0.7
71,149,82,52,149,115,65,3,0.7
71,149,82,52,149,114,66,3,0.7
72,149,83,52,149,113,66,3,0.7
72,149,81,51,149,113,66,3,0.7
72,148,82,51,148,112,64,3,0.7
71,149,81,51,148,111,65,3,0.7
73,149,81,51,148,111,65,3,0.7
72,149,81,51,149,110,65,3,0.7
72,149,82,51,149,109,64,3,0.7
73,149,79,52,149,109,64,3,0.7
72,149,81,52,149,109,64,4,0.7
72,149,83,52,148,110,65,4,0.7
72,149,84,52,148,110,65,4,0.7
71,149,85,52,148,112,65,4,0.7
70,149,87,52,149,111,65,4,0.7
70,149,88,52,149,112,65,4,0.7
70,149,89,52,149,114,65,4,0.7
70,148,92,52,149,115,65,4,0.7
68,148,92,52,149,115,65,4,0.7
67,149,94,52,149,116,65,4,0.7
67,149,98,52,149,116,64,4,0.7
67,149,100,52,148,117,64,4,0.7
67,149,103,52,148,117,65,4,0.7
67,149,104,52,148,118,65,4,0.7
67,149,107,52,148,120,66,4,0.7
67,149,111,52,148,121,66,4,0.7
67,148,114,52,148,122,66,4,0.7
66,147,118,52,148,122,66,4,0.7
66,148,116,51,149,121,66,3,0.7
66,149,116,51,149,121,66,3,0.7
66,149,113,51,149,120,65,3,0.7
67,148,113,52,149,119,66,3,0.7
67,149,109,52,149,119,65,3,0.7
67,149,109,51,149,118,65,3,0.7
67,149,108,51,149,117,65,3,0.7
67,149,107,51,148,116,64,3,0.7
67,148,107,51,149,116,64,3,0.7
67,149,103,52,149,115,64,3,0.7
67,149,103,52,148,114,63,3,0.7
67,149,102,51,148,114,63,3,0.7
67,149,102,51,149,113,62,3,0.7
67,149,101,51,149,112,63,3,0.7
67,149,104,51,149,113,63,4,0.7
67,149,105,52,149,113,62,4,0.7
67,149,111,52,149,114,62,4,0.7
67,148,113,52,149,116,62,4,0.7
66,146,116,52,149,118,63,4,0.7
66,143,123,52,149,118,63,4,0.7
66,144,129,52,148,120,62,4,0.7
66,141,133,52,149,120,63,4,0.7
66,139,137,52,149,122,63,4,0.7
66,137,149,52,149,122,63,4,0.7
66,136,149,52,149,124,63,4,0.7
66,134,150,52,149,124,63,4,0.7
65,133,149,52,149,126,62,4,0.7
65,131,149,52,149,128,64,4,0.7
64,129,149,52,149,129,64,4,0.7
64,128,149,52,149,131,64,4,0.7
65,127,149,52,149,133,64,4,0.7
64,125,149,52,149,133,64,4,0.7
64,124,149,52,149,136,64,4,0.7
65,123,149,52,146,138,65,4,0.7
65,124,149,52,149,137,65,3,0.7
65,125,149,52,149,136,64,3,0.7
66,126,149,53,149,135,64,3,0.7
66,126,150,51,149,135,63,3,0.7
67,128,149,52,149,133,64,3,0.7
67,128,149,52,149,133,63,3,0.7
66,128,149,52,149,133,63,3,0.7
67,130,149,52,149,131,63,3,0.7
67,130,149,53,148,131,62,3,0.7
67,130,149,53,149,131,62,3,0.7
67,131,149,53,149,130,62,3,0.7
68,132,149,52,149,129,62,3,0.7
68,133,149,53,149,128,61,3,0.7
67,133,149,53,149,128,61,3,0.7
68,135,149,53,149,126,61,3,0.7
68,135,149,54,149,126,60,3,0.7
69,135,149,54,149,126,60,3,0.7
68,137,149,54,149,124,60,3,0.7
68,137,149,55,149,124,60,3,0.7
69,137,150,55,149,124,59,3,0.7
68,138,149,55,149,123,58,3,0.7
68,136,149,55,149,124,60,4,0.7
69,136,149,55,149,125,60,4,0.7
68,134,149,55,149,128,61,4,0.7
68,132,149,55,149,129,60,4,0.7
68,132,149,55,149,129,60,4,0.7
67,131,149,55,149,133,61,4,0.7
68,130,149,55,145,137,61,4,0.7
67,127,149,55,138,137,61,4,0.7
66,126,149,55,132,139,61,4,0.7
67,126,149,55,129,141,61,4,0.7
66,126,149,55,126,144,62,4,0.7
66,125,149,55,121,147,61,4,0.7
66,123,149,55,118,148,62,4,0.7
66,122,149,55,115,149,63,4,0.7
65,121,149,55,109,149,64,4,0.7
66,119,149,55,106,149,64,4,0.7
65,119,149,55,105,149,63,4,0.7
65,119,149,55,104,148,64,3,0.7
65,121,149,55,107,149,63,3,0.7
66,121,149,55,106,148,63,3,0.7
66,123,149,55,108,149,62,3,0.7
66,122,149,55,111,148,62,3,0.7
66,124,149,54,111,149,61,3,0.7
66,125,149,56,112,148,62,3,0.7
66,124,149,54,112,149,61,3,0.7
66,126,149,56,114,148,61,3,0.7
67,126,149,55,114,149,60,3,0.7
67,126,149,56,113,149,61,3,0.7
67,128,149,55,117,149,62,3,0.7
67,128,149,56,116,149,61,3,0.7
66,127,149,55,114,148,61,4,0.7
66,127,149,55,111,148,62,4,0.7
66,127,149,55,108,149,62,4,0.7
65,125,149,55,106,148,62,4,0.7
65,125,149,55,105,148,63,4,0.7
66,123,149,55,101,149,63,4,0.7
65,124,148,55,98,148,62,4,0.7
65,122,149,55,97,148,63,4,0.7
65,120,149,55,94,149,63,4,0.7
64,120,149,55,94,148,64,4,0.7
64,119,149,55,92,149,64,4,0.7
63,118,149,55,91,149,65,4,0.7
63,118,149,55,89,149,66,4,0.7
62,117,149,55,88,149,67,4,0.7
62,117,149,55,87,148,67,4,0.7
62,117,149,55,85,149,68,4,0.7
62,115,149,56,84,148,67,4,0.7
61,116,149,56,83,149,68,4,0.7
61,115,149,56,81,149,69,4,0.7
61,114,149,56,81,149,69,4,0.7
61,115,149,56,80,148,70,4,0.7
61,113,149,55,79,149,70,4,0.7
60,113,149,55,78,148,71,4,0.7
59,112,149,55,77,149,72,4,0.7
60,113,149,55,77,148,72,3,0.7
60,114,148,55,77,149,72,3,0.7
60,114,149,55,78,149,72,3,0.7
61,114,149,55,77,148,72,3,0.7
62,116,148,54,77,149,71,3,0.7
61,116,148,54,77,148,72,3,0.7
62,117,149,54,77,149,72,3,0.7
62,118,149,54,77,149,72,3,0.7
62,118,149,54,77,149,71,3,0.7
63,119,149,54,78,149,71,3,0.7
63,120,149,54,78,149,72,3,0.7
63,121,149,54,77,149,72,3,0.7
64,121,149,54,78,149,71,3,0.7
62,121,149,55,78,149,72,3,0.7
63,123,148,54,77,148,72,3,0.7
64,123,149,54,78,149,71,3,0.7
63,124,149,54,78,148,71,3,0.7
64,125,149,54,77,149,71,3,0.7
64,125,148,54,78,149,71,3,0.7
64,126,149,55,78,148,71,3,0.7
63,126,149,55,77,149,71,4,0.7
63,126,149,55,75,149,72,4,0.7
63,125,149,54,75,149,73,4,0.7
63,124,149,54,75,149,74,4,0.7
63,123,149,55,73,149,74,4,0.7
62,122,149,55,72,149,74,4,0.7
61,121,149,55,71,149,76,4,0.7
62,121,149,55,71,149,77,4,0.7
62,120,149,54,71,148,78,4,0.7
62,120,149,54,69,149,78,4,0.7
62,120,149,54,68,149,79,4,0.7
62,119,149,54,67,149,81,4,0.7
63,119,149,54,67,149,82,3,0.7
62,120,149,54,68,148,81,3,0.7
62,121,149,53,68,149,82,3,0.7
62,121,148,54,67,149,81,3,0.7
63,122,148,53,67,149,81,3,0.7
63,123,149,53,67,149,83,3,0.7
64,124,149,52,67,149,82,3,0.7
63,124,149,52,66,148,82,3,0.7
63,125,149,53,66,149,82,3,0.7
64,126,149,53,67,149,82,3,0.7
65,126,149,52,67,148,81,3,0.7
64,127,149,52,66,149,83,3,0.7
65,128,149,52,67,149,82,3,0.7
64,128,148,52,66,148,82,3,0.7
65,129,149,52,67,149,82,3,0.7
65,130,149,51,67,149,82,3,0.7
66,131,149,51,68,148,81,3,0.7
65,131,149,51,69,149,82,3,0.7
65,132,148,51,68,149,81,3,0.7
66,133,148,51,67,149,82,3,0.7
66,133,149,51,67,149,81,3,0.7
66,134,149,51,68,149,81,3,0.7
67,135,148,51,67,148,81,3,0.7
68,135,149,51,67,149,81,3,0.7
67,136,149,51,67,149,82,3,0.7
68,137,149,51,67,148,82,3,0.7
67,138,149,51,68,149,82,3,0.7
68,138,148,51,67,149,82,3,0.7
69,139,148,50,67,148,81,3,0.7
69,140,149,51,67,149,81,3,0.7
68,140,149,50,67,149,81,3,0.7
68,141,149,50,68,148,81,3,0.7
69,142,148,50,68,149,81,3,0.7
70,142,149,51,67,149,82,3,0.7
69,143,149,50,67,149,82,3,0.7
68,144,149,50,67,149,81,3,0.7
68,145,149,50,68,149,81,3,0.7
69,145,148,49,67,149,81,3,0.7
69,146,99,49,67,149,81,3,0.7
70,147,94,49,68,149,82,3,0.7
69,147,91,49,67,149,82,3,0.7
70,148,90,49,66,149,81,3,0.7
69,148,89,49,67,149,81,3,0.7
70,149,88,49,67,149,81,3,0.7
71,148,88,50,67,149,81,3,0.7
70,148,88,50,66,149,80,3,0.7
70,148,88,50,66,149,80,3,0.7
71,148,87,49,66,149,80,3,0.7
71,148,87,50,68,149,80,3,0.7
71,149,86,50,67,149,80,3,0.7
72,148,84,49,67,149,80,3,0.7
72,148,85,49,66,149,80,3,0.7
73,148,84,49,66,149,80,3,0.7
72,148,82,49,67,149,81,3,0.7
73,148,82,50,68,149,80,3,0.7
73,149,82,49,68,149,80,3,0.7
72,148,81,49,68,149,80,3,0.7
73,148,79,49,67,149,80,3,0.7
73,149,80,48,67,149,80,3,0.7
73,148,80,48,67,149,80,3,0.7
72,148,79,49,68,149,80,3,0.7
73,148,78,48,68,149,80,3,0.7
73,148,77,48,67,148,81,3,0.7
73,148,77,48,68,149,81,3,0.7
72,149,76,49,67,149,80,3,0.7
72,148,77,49,68,149,80,3,0.7
73,148,77,48,67,149,80,3,0.7
74,149,77,48,67,149,80,3,0.7
73,148,77,49,67,149,81,3,0.7
73,148,76,48,68,149,81,3,0.7
74,149,76,48,67,149,80,3,0.7
75,148,77,48,66,148,80,3,0.7
74,148,76,47,67,149,81,3,0.7
75,149,76,48,67,149,80,3,0.7
74,148,75,48,67,149,80,3,0.7
74,148,74,48,67,149,81,3,0.7
75,148,76,48,67,149,81,3,0.7
75,148,75,47,67,148,81,3,0.7
75,148,74,47,68,149,81,3,0.7
76,148,73,48,67,149,80,3,0.7
76,148,73,48,68,149,80,3,0.7
76,148,72,48,69,149,80,3,0.7
76,148,74,48,69,149,81,3,0.7
76,148,73,49,69,149,81,3,0.7
75,148,73,49,69,149,80,3,0.7
76,148,72,48,68,149,80,3,0.7
76,148,71,48,68,148,79,3,0.7
77,148,71,48,69,149,79,3,0.7
76,148,72,49,69,149,79,3,0.7
77,148,72,48,70,149,80,3,0.7
77,148,72,48,70,149,80,3,0.7
76,148,71,48,69,149,80,3,0.7
77,148,70,48,69,148,79,3,0.7
76,148,71,47,69,149,79,3,0.7
77,148,72,48,70,149,79,3,0.7
76,149,71,48,70,148,80,3,0.7
77,148,71,48,70,149,80,3,0.7
77,148,70,48,69,149,80,3,0.7
77,148,71,49,69,149,79,3,0.7
76,148,71,48,70,149,79,3,0.7
76,148,70,48,70,149,79,3,0.7
77,148,70,48,71,148,79,3,0.7
77,148,70,48,70,149,79,3,0.7
77,148,69,48,69,149,79,3,0.7
77,149,70,48,70,148,79,3,0.7
78,148,70,48,70,149,79,3,0.7
78,148,69,47,71,149,78,3,0.7
77,148,69,47,71,149,78,3,0.7
78,148,68,48,70,149,78,3,0.7
78,148,68,48,70,149,77,3,0.7
78,148,69,48,70,148,78,3,0.7
78,148,69,47,71,149,79,3,0.7
78,148,69,47,71,149,78,3,0.7
79,148,69,48,72,149,78,3,0.7
79,148,69,48,71,149,78,3,0.7
79,148,70,48,70,149,78,3,0.7
78,148,69,48,72,148,78,3,0.7
79,148,69,47,71,149,77,3,0.7
78,148,68,48,71,149,77,3,0.7
79,149,69,48,71,148,77,3,0.7
79,148,69,48,71,149,77,3,0.7
79,148,69,48,71,149,77,3,0.7
80,148,69,49,72,149,77,3,0.7
79,148,68,49,72,149,76,3,0.7
78,148,68,48,72,149,76,3,0.7
79,148,69,48,73,148,78,3,0.7
80,148,68,48,72,149,77,3,0.7
79,148,68,48,71,149,77,3,0.7
79,149,67,48,73,148,77,3,0.7
79,148,67,48,72,149,77,3,0.7
80,148,68,48,72,149,77,3,0.7
80,148,68,48,72,148,76,3,0.7
79,148,68,49,72,149,76,3,0.7
80,148,67,48,72,149,76,3,0.7
80,149,67,48,73,148,77,3,0.7
80,148,67,48,72,149,76,3,0.7
80,148,67,47,73,149,76,3,0.7
79,149,67,48,72,148,76,3,0.7
79,148,66,48,72,149,75,3,0.7
80,148,65,48,72,149,75,3,0.7
80,148,67,48,73,148,75,3,0.7
80,148,67,48,73,149,76,3,0.7
79,148,66,48,73,149,76,3,0.7
79,149,66,48,73,149,76,3,0.7
80,148,66,48,72,149,75,3,0.7
80,148,66,48,73,149,75,3,0.7
80,148,67,48,73,149,75,3,0.7
80,148,67,49,73,149,75,3,0.7
81,148,67,49,74,149,75,3,0.7
80,149,67,49,74,149,76,3,0.7
80,148,68,49,73,149,75,3,0.7
80,148,68,50,73,149,75,3,0.7
79,149,67,49,73,149,75,3,0.7
80,148,67,49,74,149,75,3,0.7
81,148,66,49,75,149,75,3,0.7
81,148,67,49,74,149,75,3,0.7
80,148,67,49,73,149,75,3,0.7
80,148,67,49,73,149,75,3,0.7
80,149,66,50,74,149,74,3,0.7
81,148,66,49,74,149,74,3,0.7
80,148,67,49,76,149,74,3,0.7
81,149,67,49,75,149,73,3,0.7
81,148,67,50,76,149,74,3,0.7
81,148,68,50,76,149,75,3,0.7
80,148,68,50,76,149,74,3,0.7
81,148,67,49,75,149,74,3,0.7
82,148,67,50,76,149,74,3,0.7
81,149,67,50,76,149,74,3,0.7
81,148,66,50,76,149,74,3,0.7
82,148,68,50,77,149,74,3,0.7
82,149,67,50,77,149,74,3,0.7
82,148,67,49,77,149,74,3,0.7
81,148,66,50,77,149,73,3,0.7
80,149,66,50,76,149,73,3,0.7
81,148,67,50,77,149,73,3,0.7
82,148,67,50,77,149,72,3,0.7
82,149,67,51,77,149,72,3,0.7
81,148,66,50,76,149,72,3,0.7
81,148,66,50,77,149,72,3,0.7
81,149,67,50,77,149,71,3,0.7
81,148,67,50,77,148,72,3,0.7
82,148,67,51,77,149,71,3,0.7
81,149,67,51,78,149,71,3,0.7
81,148,66,51,78,149,71,3,0.7
80,148,66,50,77,149,71,3,0.7
81,148,66,50,77,149,71,3,0.7
81,148,67,50,78,149,72,3,0.7
81,148,67,51,78,149,71,3,0.7
80,148,67,51,78,149,71,3,0.7
81,148,68,51,80,148,71,3,0.7
82,148,68,50,79,149,71,3,0.7
82,148,67,51,80,149,71,3,0.7
81,148,67,51,79,149,70,3,0.7
81,148,68,51,79,149,70,3,0.7
81,148,68,51,79,149,71,3,0.7
81,148,67,52,80,148,70,3,0.7
82,148,67,52,80,149,70,3,0.7
81,148,67,51,80,149,70,3,0.7
81,149,67,51,80,148,69,3,0.7
80,148,68,51,79,149,69,3,0.7
81,148,67,51,79,149,71,3,0.7
81,148,67,52,80,149,70,3,0.7
81,148,66,52,80,149,70,3,0.7
80,148,65,51,81,149,70,3,0.7
80,148,67,51,81,148,70,3,0.7
80,148,67,51,80,149,69,3,0.7
80,148,67,52,80,149,69,3,0.7
80,148,67,52,80,149,69,3,0.7
81,148,66,52,81,149,69,3,0.7
79,148,66,51,81,149,69,3,0.7
80,148,67,52,82,149,69,3,0.7
79,148,67,52,82,149,69,3,0.7
80,148,67,52,83,149,68,3,0.7
80,149,67,52,83,148,68,3,0.7
80,148,68,52,83,149,68,3,0.7
79,148,68,52,83,149,68,3,0.7
79,148,68,52,82,149,67,3,0.7
79,148,68,52,82,149,68,3,0.7
79,148,69,52,85,149,67,3,0.7
80,148,69,52,85,148,67,3,0.7
80,148,68,53,86,149,67,3,0.7
80,148,68,53,86,149,67,3,0.7
80,149,69,52,85,148,66,3,0.7
80,148,69,52,86,149,66,3,0.7
80,148,69,52,85,149,66,3,0.7
80,148,69,53,86,149,66,3,0.7
79,148,68,53,87,149,67,3,0.7
80,148,70,53,87,149,67,3,0.7
80,148,69,52,87,148,66,3,0.7
80,148,69,53,86,149,66,3,0.7
79,148,69,53,86,149,66,3,0.7
79,149,69,53,86,148,66,3,0.7
80,148,69,53,87,149,66,3,0.7
80,148,70,53,87,149,66,3,0.7
80,148,69,53,88,148,66,3,0.7
80,148,69,54,88,149,65,3,0.7
81,148,70,54,89,149,65,3,0.7
82,149,70,54,89,148,65,3,0.7
80,148,70,54,88,149,65,3,0.7
80,148,70,55,88,149,65,3,0.7
79,148,69,54,89,148,66,3,0.7
80,148,69,54,89,149,66,3,0.7
81,148,70,54,89,149,65,3,0.7
80,148,70,54,90,148,65,3,0.7
80,148,70,54,90,149,65,3,0.7
79,148,69,55,90,149,65,3,0.7
79,149,71,55,91,148,65,3,0.7
79,148,70,54,90,149,64,3,0.7
80,148,70,54,89,149,64,3,0.7
80,148,70,55,90,149,64,3,0.7
79,148,71,55,90,149,64,3,0.7
78,148,71,55,91,149,63,3,0.7
79,149,71,55,91,149,63,3,0.7
79,148,71,54,92,149,63,3,0.7
80,148,70,55,93,149,63,3,0.7
79,149,70,55,92,149,63,3,0.7
79,148,71,55,92,149,63,3,0.7
78,148,71,55,92,149,63,3,0.7
78,148,71,55,92,149,63,3,0.7
78,148,70,55,92,149,62,3,0.7
79,148,70,55,93,149,63,3,0.7
79,149,70,55,93,149,63,3,0.7
78,148,71,55,93,149,63,3,0.7
77,148,71,55,94,149,63,3,0.7
78,149,71,56,94,149,63,3,0.7
77,148,71,56,96,149,62,3,0.7
78,148,72,56,95,149,62,3,0.7
78,149,72,56,94,149,62,3,0.7
78,148,71,57,94,149,62,3,0.7
77,148,72,57,94,149,62,3,0.7
77,149,72,57,95,149,62,3,0.7
77,148,72,56,96,149,62,3,0.7
76,148,72,56,96,149,61,3,0.7
77,149,72,56,96,149,61,3,0.7
78,148,71,57,96,149,61,3,0.7
78,148,72,57,97,149,61,3,0.7
77,149,72,57,97,149,61,3,0.7
76,148,72,56,96,149,62,3,0.7
76,148,71,57,96,149,62,3,0.7
77,149,72,57,96,149,61,3,0.7
77,148,73,57,97,149,61,3,0.7
78,148,72,57,97,149,61,3,0.7
76,148,72,58,99,149,61,3,0.7
75,148,73,58,98,148,60,3,0.7
75,148,73,57,99,149,60,3,0.7
76,149,73,57,99,149,60,3,0.7
77,148,73,57,99,149,60,3,0.7
76,148,72,57,100,149,60,3,0.7
76,149,71,57,99,149,59,3,0.7
75,148,73,58,99,149,60,3,0.7
75,148,73,58,99,149,59,3,0.7
75,148,73,58,100,149,59,3,0.7
76,148,73,59,100,148,59,3,0.7
76,148,73,59,101,149,59,3,0.7
75,148,74,59,101,149,59,3,0.7
74,148,73,59,101,149,59,3,0.7
74,148,73,59,102,149,58,3,0.7
74,148,73,59,101,149,58,3,0.7
75,148,74,59,100,148,58,3,0.7
75,148,74,59,101,149,57,3,0.7
75,148,74,59,101,149,57,3,0.7
75,148,73,60,102,149,57,3,0.7
74,148,72,61,103,149,57,3,0.7
74,148,74,61,103,149,56,3,0.7
74,148,74,61,103,149,57,3,0.7
75,148,74,61,103,149,58,3,0.7
74,148,74,62,104,149,57,3,0.7
73,148,75,61,105,148,57,3,0.7
73,148,75,61,105,149,57,3,0.7
73,148,75,61,105,149,57,3,0.7
74,148,75,61,105,149,57,3,0.7
74,148,74,61,105,149,56,3,0.7
74,148,76,62,104,149,56,3,0.7
73,148,76,62,106,148,56,3,0.7
73,148,75,61,105,149,56,3,0.7
73,148,75,61,106,149,56,3,0.7
73,149,75,62,106,148,55,3,0.7
74,148,75,62,107,149,55,3,0.7
73,148,76,62,107,149,55,3,0.7
74,148,76,62,107,149,55,3,0.7
73,148,77,63,108,149,55,3,0.7
72,148,77,63,109,149,55,3,0.7
71,148,77,62,106,149,55,4,0.7
68,148,78,62,104,149,55,4,0.7
69,148,79,62,103,149,55,4,0.7
68,149,79,62,101,149,56,4,0.7
66,148,80,62,99,148,55,4,0.7
65,148,81,62,98,149,57,4,0.7
64,148,82,62,97,149,58,4,0.7
65,149,84,62,97,149,57,4,0.7
64,148,83,62,96,148,58,3,0.7
63,148,83,63,95,149,58,3,0.7
64,148,83,63,95,149,58,3,0.7
63,148,82,63,96,148,58,3,0.7
64,148,84,62,96,149,57,3,0.7
64,148,84,62,96,149,57,3,0.7
64,148,84,62,96,149,57,3,0.7
64,148,83,62,96,149,58,3,0.7
63,148,83,63,98,149,58,3,0.7
64,149,83,63,97,149,58,3,0.7
63,148,82,63,97,149,57,3,0.7
64,148,84,63,98,149,57,3,0.7
63,148,84,63,98,149,57,3,0.7
63,148,83,63,97,149,56,3,0.7
62,148,83,63,96,149,57,3,0.7
62,149,83,63,97,149,56,3,0.7
62,148,84,64,95,149,57,4,0.7
61,148,85,64,95,149,57,4,0.7
60,148,87,64,94,149,58,4,0.7
61,148,88,64,93,149,58,4,0.7
59,148,89,64,91,149,59,4,0.7
58,148,90,64,90,149,59,4,0.7
60,148,90,63,90,148,60,4,0.7
58,148,93,63,88,149,60,4,0.7
57,148,94,63,87,149,63,4,0.7
56,148,94,63,85,149,63,4,0.7
55,148,96,63,84,149,64,4,0.7
55,148,96,62,84,149,64,3,0.7
56,148,96,63,84,149,63,3,0.7
55,148,96,63,85,149,63,3,0.7
57,148,96,63,86,149,64,3,0.7
56,148,95,63,85,149,63,3,0.7
57,148,94,63,85,149,63,3,0.7
56,148,95,63,86,149,63,3,0.7
56,148,95,63,86,149,63,3,0.7
57,148,95,63,85,149,63,3,0.7
57,149,94,63,86,149,63,3,0.7
58,148,94,63,85,149,63,3,0.7
58,148,94,63,85,149,63,3,0.7
57,148,94,62,84,149,63,3,0.7
57,148,94,62,84,149,63,3,0.7
57,148,94,62,85,149,63,3,0.7
57,148,93,62,84,149,63,3,0.7
58,148,92,62,84,149,62,3,0.7
57,148,93,62,85,148,63,3,0.7
59,148,93,62,85,149,63,3,0.7
59,149,93,62,84,149,63,3,0.7
59,148,93,62,84,149,62,3,0.7
58,148,93,62,84,149,63,3,0.7
58,148,93,62,85,149,62,3,0.7
59,148,93,62,84,149,62,3,0.7
58,148,92,63,84,149,62,3,0.7
59,148,92,62,85,149,62,3,0.7
60,148,92,62,85,149,62,3,0.7
59,148,92,62,86,148,62,3,0.7
59,148,92,62,85,149,62,3,0.7
59,149,91,62,85,149,62,3,0.7
59,148,91,62,86,149,62,3,0.7
60,148,91,62,85,149,62,3,0.7
59,148,91,62,86,149,62,3,0.7
58,148,92,62,84,149,63,4,0.7
58,148,95,62,84,149,63,4,0.7
59,148,96,62,83,149,64,4,0.7
57,148,97,62,81,149,65,4,0.7
57,148,98,62,80,149,65,4,0.7
56,148,101,62,80,149,66,4,0.7
55,148,102,62,78,149,67,4,0.7
55,148,103,62,77,149,68,4,0.7
57,148,103,62,77,149,68,3,0.7
56,148,103,62,78,149,68,3,0.7
56,148,103,62,77,149,68,3,0.7
57,148,102,61,77,149,68,3,0.7
56,148,101,61,78,149,68,3,0.7
56,148,100,61,78,149,68,3,0.7
56,148,100,61,77,149,68,3,0.7
57,148,101,61,77,149,68,3,0.7
57,148,100,61,78,149,68,3,0.7
57,148,99,61,76,149,68,3,0.7
57,148,100,61,75,149,68,3,0.7
57,148,100,60,76,149,68,3,0.7
57,148,100,60,75,149,69,3,0.7
57,148,99,60,75,149,69,3,0.7
57,148,98,60,75,149,69,3,0.7
58,148,97,60,76,149,69,3,0.7
59,148,98,60,76,149,69,3,0.7
58,148,98,60,76,149,69,3,0.7
57,148,98,59,75,149,69,3,0.7
59,148,98,59,75,149,69,3,0.7
58,148,98,59,76,149,69,3,0.7
58,148,97,59,75,149,69,3,0.7
59,148,98,59,75,149,69,3,0.7
58,148,98,59,76,149,69,3,0.7
58,148,97,59,76,149,69,3,0.7
57,148,95,59,75,149,69,3,0.7
59,148,96,59,75,149,69,3,0.7
59,148,95,59,76,149,69,3,0.7
59,148,97,59,75,149,69,3,0.7
60,148,98,58,75,149,69,3,0.7
60,148,97,58,76,149,69,3,0.7
60,148,97,58,75,149,69,3,0.7
60,148,96,58,74,149,69,3,0.7
60,148,98,58,74,149,69,3,0.7
60,148,96,58,73,149,69,3,0.7
60,148,96,58,74,149,69,3,0.7
60,148,95,58,74,149,69,3,0.7
59,148,96,58,73,149,69,3,0.7
61,148,96,58,74,149,69,3,0.7
60,148,95,58,74,149,69,3,0.7
59,148,93,58,73,149,69,3,0.7
61,148,94,58,73,149,70,3,0.7
61,148,93,58,74,149,70,3,0.7
62,148,93,58,73,149,70,3,0.7
62,148,94,58,73,149,70,3,0.7
62,148,93,58,73,149,70,3,0.7
62,148,94,58,74,149,70,3,0.7
62,148,94,58,73,149,70,3,0.7
62,148,93,57,73,149,70,3,0.7
62,148,92,57,74,149,70,3,0.7
62,148,92,57,73,149,70,3,0.7
62,148,91,57,73,149,70,3,0.7
62,148,92,56,73,149,70,3,0.7
62,148,92,56,72,149,70,3,0.7
62,148,91,56,73,149,70,3,0.7
62,148,92,56,72,149,70,3,0.7
63,148,92,56,72,149,70,3,0.7
62,148,91,56,72,149,70,3,0.7
62,148,91,56,73,149,70,3,0.7
61,148,91,56,72,149,70,3,0.7
63,148,91,56,72,149,70,3,0.7
62,148,90,56,73,149,70,3,0.7
64,148,91,55,72,149,70,3,0.7
64,148,89,55,72,149,70,3,0.7
64,148,90,55,72,149,70,3,0.7
64,148,89,55,72,149,70,3,0.7
64,148,89,55,73,149,70,3,0.7
64,148,90,55,71,149,70,3,0.7
64,148,89,55,72,149,71,3,0.7
64,148,89,55,71,149,70,3,0.7
64,148,89,55,71,149,71,3,0.7
64,148,89,55,71,149,71,3,0.7
64,148,89,55,70,149,71,3,0.7
64,148,88,55,71,149,71,3,0.7
65,148,89,55,70,149,71,3,0.7
65,148,89,55,70,149,71,3,0.7
65,148,88,55,71,149,71,3,0.7
65,148,89,55,70,149,71,3,0.7
66,148,87,55,70,149,71,3,0.7
65,148,87,55,70,149,71,3,0.7
65,148,87,55,71,149,71,3,0.7
65,148,86,55,70,149,71,3,0.7
65,148,87,55,70,149,71,3,0.7
65,148,87,55,70,149,71,3,0.7
65,148,86,55,71,149,71,3,0.7
66,148,87,54,71,149,71,3,0.7
65,148,87,54,70,149,71,3,0.7
65,148,87,54,70,149,71,3,0.7
66,148,86,54,71,149,71,3,0.7
65,148,85,54,71,149,71,3,0.7
65,148,84,54,70,149,71,3,0.7
66,148,84,54,70,149,71,3,0.7
66,148,85,53,71,149,71,3,0.7
65,148,85,53,70,149,71,3,0.7
66,148,85,53,70,149,71,3,0.7
66,148,85,53,71,149,71,3,0.7
66,148,84,53,70,149,72,3,0.7
66,148,85,53,70,149,72,3,0.7
66,148,85,53,70,149,72,3,0.7
66,148,84,53,71,149,72,3,0.7
66,148,84,53,70,149,72,3,0.7
66,148,83,53,70,149,72,3,0.7
66,148,82,53,69,149,72,3,0.7
66,148,82,53,69,149,72,3,0.7
66,148,83,53,70,149,72,3,0.7
66,148,82,53,69,149,72,3,0.7
66,148,82,52,69,149,72,3,0.7
66,147,83,52,70,149,72,3,0.7
66,148,83,52,69,149,72,3,0.7
67,148,83,52,69,149,72,3,0.7
66,148,81,52,69,149,72,3,0.7
66,148,80,52,70,149,72,3,0.7
66,148,81,52,69,149,72,3,0.7
66,148,81,52,70,149,72,3,0.7
66,148,80,52,69,149,72,3,0.7
66,148,80,52,69,149,72,3,0.7
67,148,81,52,70,149,72,3,0.7
66,147,80,52,69,149,72,3,0.7
66,148,80,52,69,149,72,3,0.7
67,148,81,52,70,149,72,3,0.7
67,148,80,52,70,149,72,3,0.7
67,148,80,52,69,149,72,3,0.7
67,148,81,52,69,149,72,3,0.7
67,148,81,52,70,149,72,3,0.7
67,148,81,52,69,149,72,3,0.7
67,148,81,52,69,149,73,3,0.7
67,148,80,52,69,149,73,3,0.7
67,147,79,52,69,149,73,3,0.7
67,148,79,52,69,149,73,3,0.7
67,148,78,52,69,149,73,3,0.7
67,148,79,52,70,149,73,3,0.7
67,148,79,52,69,149,73,3,0.7
67,148,78,52,69,149,73,3,0.7
67,148,78,51,68,150,73,3,0.7
67,148,79,51,68,149,73,3,0.7
67,148,78,51,69,149,73,3,0.7
67,148,78,51,68,149,73,3,0.7
67,147,79,50,68,149,73,3,0.7
67,148,79,50,69,149,73,3,0.7
67,148,77,50,69,149,73,3,0.7
68,148,76,50,68,149,73,3,0.7
67,148,76,50,68,149,73,3,0.7
67,148,77,50,69,149,73,3,0.7
67,148,76,50,69,150,73,3,0.7
67,148,76,50,69,149,73,3,0.7
67,148,77,50,68,149,73,3,0.7
67,148,77,50,68,149,73,3,0.7
68,148,76,50,69,149,73,3,0.7
67,148,76,50,68,149,73,3,0.7
67,148,77,50,68,149,73,3,0.7
68,148,76,50,69,149,73,3,0.7
68,148,76,50,70,149,74,3,0.7
68,148,77,50,69,149,74,3,0.7
68,148,77,50,69,149,73,3,0.7
68,148,77,50,69,149,74,3,0.7
68,148,77,50,70,149,74,3,0.7
68,148,77,50,70,149,74,3,0.7
68,148,77,50,69,149,74,3,0.7
68,148,77,50,69,149,74,3,0.7
68,148,76,50,70,149,74,3,0.7
68,148,75,50,70,149,74,3,0.7
68,148,74,50,69,149,74,3,0.7
68,148,74,50,69,149,74,3,0.7
68,148,75,50,70,149,74,3,0.7
68,148,75,50,69,149,74,3,0.7
68,148,74,50,69,149,74,3,0.7
68,148,74,50,70,149,74,3,0.7
68,148,74,50,69,149,74,3,0.7
68,148,75,50,69,149,74,3,0.7
68,148,75,50,71,149,74,3,0.7
68,148,75,50,70,149,74,3,0.7
69,148,75,50,71,149,74,3,0.7
68,148,75,50,71,149,74,3,0.7
68,148,75,50,70,150,74,3,0.7
68,148,75,49,70,149,74,3,0.7
69,148,75,49,71,149,74,3,0.7
68,148,75,49,70,149,74,3,0.7
68,148,74,49,70,149,74,3,0.7
69,148,75,49,70,149,74,3,0.7
68,148,73,49,71,149,74,3,0.7
68,148,72,49,72,149,75,3,0.7
69,148,72,49,72,149,75,3,0.7
69,148,72,49,71,149,74,3,0.7
69,148,73,49,71,150,75,3,0.7
69,148,73,49,72,149,75,3,0.7
69,148,72,49,70,149,75,3,0.7
69,148,73,49,69,149,75,3,0.7
69,148,73,49,70,149,75,3,0.7
69,148,72,49,70,149,75,3,0.7
69,148,73,49,71,149,75,3,0.7
69,148,73,49,71,149,75,3,0.7
69,148,73,49,72,149,75,3,0.7
69,148,73,49,72,149,75,3,0.7
69,148,73,49,73,149,75,3,0.7
69,148,73,49,72,149,75,3,0.7
69,148,72,49,72,149,75,3,0.7
69,148,73,49,73,149,75,3,0.7
69,148,73,49,72,149,75,3,0.7
69,148,72,49,72,149,75,3,0.7
69,148,71,49,72,149,75,3,0.7
69,148,71,49,73,149,75,3,0.7
69,148,72,49,74,149,75,3,0.7
70,148,71,49,74,149,75,3,0.7
69,148,71,49,74,149,75,3,0.7
69,148,72,49,74,149,75,3,0.7
69,148,71,49,75,149,75,3,0.7
70,148,71,49,74,149,75,3,0.7
69,148,72,49,74,149,74,3,0.7
69,148,71,49,74,149,75,3,0.7
70,148,71,49,74,149,75,3,0.7
69,148,70,49,75,149,74,3,0.7
70,148,71,49,76,149,75,3,0.7
70,148,71,49,75,149,75,3,0.7
70,148,70,49,76,149,74,3,0.7
70,148,69,48,77,149,75,3,0.7
70,148,69,48,77,149,75,3,0.7
70,148,70,48,79,149,75,3,0.7
70,148,69,49,79,149,75,3,0.7
70,148,69,49,78,149,75,3,0.7
70,148,70,49,78,149,75,3,0.7
70,148,69,49,79,149,74,3,0.7
70,148,69,49,79,149,73,3,0.7
70,148,70,49,80,149,74,3,0.7
70,148,69,49,80,149,74,3,0.7
70,148,69,49,82,149,73,3,0.7
70,148,70,49,82,149,74,3,0.7
70,148,70,49,83,149,74,3,0.7
70,148,70,49,82,149,73,3,0.7
70,148,70,49,82,149,72,3,0.7
70,148,69,49,84,148,72,3,0.7
70,148,70,49,85,148,71,3,0.7
70,148,70,49,86,147,73,3,0.7
70,148,69,49,87,146,72,3,0.7
71,148,70,49,90,146,73,3,0.7
70,148,70,49,91,145,73,3,0.7
70,148,69,49,91,144,72,3,0.7
70,148,70,49,149,143,71,3,0.7
71,148,70,50,149,143,71,3,0.7
70,148,70,50,149,142,70,3,0.7
70,148,69,50,149,141,71,3,0.7
71,148,68,50,149,141,71,3,0.7
71,148,70,50,149,140,70,3,0.7
71,148,69,50,149,139,70,3,0.7
71,148,68,50,149,139,70,3,0.7
71,148,68,50,149,138,70,3,0.7
71,148,69,50,149,137,68,3,0.7
71,148,68,50,149,136,69,3,0.7
71,148,68,50,149,136,69,3,0.7
71,148,69,50,149,135,69,3,0.7
71,148,68,51,149,134,69,3,0.7
71,148,68,51,149,134,69,3,0.7
71,148,69,51,149,133,69,3,0.7
71,148,68,51,149,132,69,3,0.7
71,148,69,51,149,132,67,3,0.7
71,148,69,50,149,131,68,3,0.7
71,148,69,50,149,130,68,3,0.7
71,148,69,49,149,129,67,3,0.7
71,148,69,50,150,129,68,3,0.7
71,148,68,50,150,128,68,3,0.7
71,148,69,50,149,127,67,3,0.7
71,148,69,50,149,127,68,3,0.7
72,148,68,50,150,126,68,3,0.7
71,148,69,50,149,125,68,3,0.7
71,148,69,51,149,125,67,3,0.7
72,148,68,51,150,124,66,3,0.7
71,148,69,51,150,123,65,3,0.7
71,148,69,51,149,122,65,3,0.7
71,148,68,51,149,122,66,3,0.7
72,148,68,51,150,121,65,3,0.7
71,148,67,51,149,120,65,3,0.7
71,148,69,51,149,120,63,3,0.7
72,148,68,51,149,119,64,3,0.7
72,148,67,52,149,118,64,3,0.7
72,148,67,52,149,118,63,3,0.7
72,148,68,52,149,117,64,3,0.7
72,148,67,52,150,116,64,3,0.7
72,148,67,53,149,115,63,3,0.7
72,148,68,53,149,115,64,3,0.7
72,148,67,53,149,114,64,3,0.7
72,148,67,53,149,113,63,3,0.7
72,148,68,53,149,113,63,3,0.7
72,148,68,53,149,112,62,3,0.7
72,148,68,53,149,111,63,3,0.7
72,148,68,53,149,111,63,3,0.7
72,148,67,53,149,110,62,3,0.7
72,148,69,54,149,109,61,3,0.7
72,148,68,54,149,108,62,3,0.7
72,148,68,54,149,108,60,3,0.7
72,148,69,54,149,107,60,3,0.7
72,148,68,55,149,106,60,3,0.7
72,148,68,55,149,106,60,3,0.7
72,148,69,55,149,105,58,3,0.7
73,148,68,55,149,104,59,3,0.7
72,148,68,56,149,104,59,3,0.7
71,148,70,56,150,104,58,4,0.7
71,148,71,56,149,104,59,4,0.7
70,148,72,56,149,105,60,4,0.7
69,148,72,56,149,105,61,4,0.7
69,148,74,55,150,107,60,4,0.7
68,148,73,55,149,107,59,4,0.7
68,147,75,55,149,106,60,4,0.7
67,148,77,55,149,107,59,4,0.7
67,148,76,55,149,106,60,3,0.7
67,148,75,55,149,105,59,3,0.7
68,147,75,55,150,105,60,3,0.7
67,148,76,55,149,104,59,3,0.7
68,148,76,55,149,103,59,3,0.7
68,148,76,56,149,103,58,3,0.7
68,148,75,56,149,102,59,3,0.7
68,148,74,56,149,101,58,3,0.7
68,148,74,57,149,101,58,3,0.7
68,148,75,57,149,100,57,3,0.7
68,148,75,57,149,99,58,3,0.7
68,148,75,57,149,98,57,3,0.7
69,148,74,57,150,98,57,3,0.7
68,148,76,57,150,98,57,4,0.7
68,148,77,57,149,100,57,4,0.7
67,148,77,57,149,100,57,4,0.7
67,148,78,57,149,100,57,4,0.7
66,148,79,57,149,100,58,4,0.7
66,148,81,57,150,100,56,4,0.7
66,148,81,57,149,101,57,4,0.7
65,148,83,57,149,102,58,4,0.7
65,147,85,57,149,103,57,4,0.7
65,148,85,57,149,102,58,4,0.7
64,148,87,57,149,103,58,4,0.7
64,148,89,57,149,104,58,4,0.7
64,148,90,57,149,104,59,4,0.7
63,147,90,57,149,104,59,4,0.7
63,148,91,57,149,105,59,4,0.7
63,148,93,57,149,106,59,4,0.7
63,148,95,57,149,105,58,4,0.7
63,148,97,57,150,106,58,4,0.7
62,148,98,57,150,106,58,4,0.7
62,148,101,57,149,107,59,4,0.7
62,148,100,57,149,106,58,3,0.7
62,148,99,57,149,106,59,3,0.7
63,148,99,56,149,105,59,3,0.7
63,148,99,57,149,104,59,3,0.7
63,148,97,57,149,103,58,3,0.7
62,148,97,58,149,103,58,3,0.7
63,147,96,57,149,102,57,3,0.7
63,148,97,57,150,101,58,3,0.7
63,148,98,58,149,101,57,3,0.7
64,148,97,57,149,100,56,3,0.7
64,148,96,57,149,99,57,3,0.7
64,148,96,58,150,99,56,3,0.7
64,148,95,58,149,98,57,3,0.7
63,148,97,58,149,99,55,4,0.7
62,148,99,58,149,99,55,4,0.7
61,147,101,58,149,100,55,4,0.7
61,148,101,58,149,101,57,4,0.7
61,148,104,58,150,101,57,4,0.7
61,146,106,58,150,101,57,4,0.7
60,143,109,58,149,102,57,4,0.7
60,141,112,58,149,102,55,4,0.7
60,139,115,58,149,103,57,4,0.7
60,137,119,58,149,104,57,4,0.7
59,134,123,57,149,104,57,4,0.7
60,132,127,57,149,105,57,4,0.7
58,129,132,57,150,107,57,4,0.7
58,127,137,57,149,108,58,4,0.7
58,125,142,57,149,108,57,4,0.7
59,124,149,57,149,108,57,4,0.7
58,123,148,57,149,109,57,4,0.7
58,121,148,57,149,110,58,4,0.7
57,119,148,57,149,111,58,4,0.7
57,118,148,57,149,111,57,4,0.7
57,116,148,57,149,112,58,4,0.7
56,115,148,57,149,114,58,4,0.7
56,114,148,57,149,116,58,4,0.7
56,114,148,57,150,116,59,4,0.7
56,114,148,57,149,116,58,3,0.7
57,114,148,57,149,115,59,3,0.7
57,116,148,57,149,115,58,3,0.7
58,116,148,58,149,114,58,3,0.7
58,116,148,58,149,113,57,3,0.7
59,117,148,58,149,113,57,3,0.7
58,118,148,58,149,111,57,3,0.7
58,118,148,57,149,111,56,3,0.7
58,119,149,58,149,111,56,3,0.7
58,121,148,57,149,109,56,3,0.7
59,121,148,57,149,109,56,3,0.7
59,121,148,57,149,108,56,3,0.7
59,123,148,58,149,108,56,3,0.7
59,123,148,58,149,107,55,3,0.7
59,123,148,58,149,106,56,3,0.7
60,124,148,58,149,106,55,3,0.7
59,123,148,58,149,107,55,4,0.7
60,122,148,58,149,108,55,4,0.7
59,121,148,58,149,110,55,4,0.7
58,120,148,58,149,109,55,4,0.7
59,119,148,58,149,112,55,4,0.7
58,118,148,58,149,112,56,4,0.7
59,117,148,58,149,114,56,4,0.7
57,116,148,58,149,114,55,4,0.7
58,115,148,58,149,115,56,4,0.7
57,115,148,58,149,115,57,4,0.7
57,114,148,58,149,117,56,4,0.7
57,113,148,58,149,118,57,4,0.7
57,113,148,58,149,119,56,4,0.7
56,113,148,58,149,119,57,4,0.7
57,111,148,58,148,121,57,4,0.7
57,111,148,58,149,122,57,4,0.7
57,110,148,58,149,123,58,4,0.7
57,110,148,58,149,124,57,4,0.7
56,108,148,58,145,125,57,4,0.7
56,109,148,58,144,125,57,3,0.7
56,111,147,57,147,124,57,3,0.7
57,110,148,58,149,123,56,3,0.7
57,111,148,57,149,122,56,3,0.7
57,113,148,58,149,122,56,3,0.7
57,112,148,57,149,121,56,3,0.7
57,113,148,58,149,120,56,3,0.7
57,115,148,58,149,120,55,3,0.7
57,114,147,58,149,119,55,3,0.7
58,115,148,58,148,118,55,3,0.7
58,116,148,59,149,118,55,3,0.7
58,118,148,59,149,117,55,3,0.7
59,117,148,59,149,116,54,3,0.7
59,117,148,59,148,117,55,4,0.7
59,117,148,59,149,118,55,4,0.7
59,115,148,59,146,120,55,4,0.7
58,114,148,59,144,121,56,4,0.7
58,113,148,59,136,122,56,4,0.7
57,112,148,59,135,124,55,4,0.7
57,110,148,58,128,126,56,4,0.7
57,110,148,58,126,127,56,4,0.7
57,110,148,58,123,130,57,4,0.7
58,109,148,58,119,132,56,4,0.7
56,108,148,58,117,133,57,4,0.7
56,109,148,58,114,135,57,4,0.7
56,107,148,58,111,137,58,4,0.7
56,105,148,58,108,140,58,4,0.7
57,105,147,58,108,142,59,4,0.7
57,105,148,58,105,146,59,4,0.7
56,105,148,58,102,149,60,4,0.7
56,104,148,58,99,149,59,4,0.7
55,103,148,58,97,149,60,4,0.7
54,102,148,58,95,149,60,4,0.7
54,101,148,58,94,149,61,4,0.7
54,102,148,58,93,149,60,3,0.7
55,102,147,57,94,150,61,3,0.7
56,103,148,58,95,149,60,3,0.7
55,104,148,58,96,150,60,3,0.7
56,105,148,58,96,149,60,3,0.7
57,105,148,58,97,149,60,3,0.7
55,106,148,59,98,149,60,3,0.7
56,107,148,58,99,149,59,3,0.7
57,107,147,58,99,149,59,3,0.7
56,108,148,57,100,149,58,3,0.7
57,109,148,57,99,149,59,3,0.7
57,109,148,57,99,149,59,3,0.7
57,110,147,57,100,150,59,3,0.7
58,111,148,58,101,149,59,3,0.7
58,112,148,58,100,149,58,3,0.7
58,112,148,59,102,149,59,3,0.7
58,113,148,59,103,149,59,3,0.7
58,114,148,58,103,149,58,3,0.7
58,113,148,58,101,149,59,4,0.7
58,113,148,58,99,150,59,4,0.7
57,113,148,58,97,149,60,4,0.7
57,112,148,58,95,149,60,4,0.7
57,111,148,58,93,149,60,4,0.7
57,110,148,58,93,149,62,4,0.7
57,111,148,58,91,149,62,4,0.7
56,110,148,58,90,149,62,4,0.7
56,109,148,58,89,149,63,4,0.7
55,108,148,58,88,150,64,4,0.7
55,108,148,58,85,149,64,4,0.7
56,108,148,58,83,149,65,4,0.7
56,106,148,58,83,149,65,4,0.7
56,106,148,58,81,149,65,4,0.7
56,106,147,58,82,149,65,3,0.7
55,107,147,58,81,150,65,3,0.7
56,108,148,58,82,149,65,3,0.7
57,108,148,57,82,149,64,3,0.7
56,109,148,58,83,149,64,3,0.7
56,110,148,57,83,149,64,3,0.7
56,111,148,57,83,149,64,3,0.7
58,111,148,57,84,149,64,3,0.7
57,112,148,56,84,149,63,3,0.7
57,113,148,56,83,149,63,3,0.7
58,113,148,57,82,149,63,3,0.7
58,114,148,57,83,149,63,3,0.7
57,115,148,57,83,149,63,3,0.7
58,115,148,57,84,149,62,3,0.7
59,116,148,57,84,149,62,3,0.7
58,117,148,56,85,149,62,3,0.7
58,118,148,57,85,149,62,3,0.7
58,118,148,57,85,149,61,3,0.7
59,119,148,57,86,149,61,3,0.7
58,118,148,57,85,149,62,4,0.7
58,117,147,57,83,149,62,4,0.7
57,117,148,57,82,149,63,4,0.7
57,117,148,57,80,149,63,4,0.7
56,117,148,57,79,150,63,4,0.7
57,115,148,57,77,150,64,4,0.7
57,115,148,57,77,149,64,4,0.7
57,113,147,57,75,149,65,4,0.7
57,113,148,57,74,149,65,4,0.7
57,112,148,57,74,149,66,4,0.7
56,113,148,57,74,149,67,4,0.7
57,113,148,56,73,149,66,3,0.7
56,114,147,56,72,149,66,3,0.7
56,115,147,56,72,149,66,3,0.7
57,114,148,55,73,149,66,3,0.7
56,116,148,55,74,149,66,3,0.7
57,117,147,55,74,149,66,3,0.7
57,118,148,55,74,149,66,3,0.7
58,118,148,55,74,149,66,3,0.7
57,119,148,55,73,149,65,3,0.7
57,120,148,54,74,149,65,3,0.7
57,120,148,55,75,149,66,3,0.7
59,121,148,55,73,149,65,3,0.7
58,122,148,55,73,149,65,3,0.7
58,121,148,55,73,149,65,3,0.7
59,123,148,55,73,149,65,3,0.7
60,124,147,55,72,149,65,3,0.7
59,125,148,55,73,149,64,3,0.7
59,125,148,55,74,149,65,3,0.7
60,126,147,55,74,149,65,3,0.7
59,127,148,54,74,149,64,3,0.7
60,127,148,54,74,149,64,3,0.7
60,128,148,54,74,150,64,3,0.7
61,129,148,54,74,149,64,3,0.7
60,128,148,55,73,149,64,3,0.7
62,130,148,54,73,149,64,3,0.7
61,131,148,54,73,149,64,3,0.7
62,132,148,54,73,149,64,3,0.7
61,132,148,54,73,149,63,3,0.7
61,133,147,54,72,149,64,3,0.7
62,134,148,53,73,149,64,3,0.7
63,134,148,53,73,149,63,3,0.7
63,135,147,53,72,149,63,3,0.7
62,136,148,53,74,149,63,3,0.7
63,135,148,53,74,149,63,3,0.7
62,137,148,52,74,149,63,3,0.7
63,138,148,52,74,149,63,3,0.7
63,139,148,52,73,149,63,3,0.7
64,139,148,52,73,149,63,3,0.7
63,140,148,53,73,149,62,3,0.7
63,141,148,53,73,149,63,3,0.7
64,141,148,53,73,149,63,3,0.7
64,142,148,53,72,149,62,3,0.7
64,143,148,53,73,149,62,3,0.7
64,142,148,53,73,149,62,3,0.7
64,144,147,52,72,149,62,3,0.7
65,145,147,52,74,149,62,3,0.7
65,146,97,52,74,149,62,3,0.7
65,146,94,52,72,149,62,3,0.7
64,147,93,52,73,149,62,3,0.7
63,148,91,52,72,149,61,3,0.7
64,148,90,51,72,149,61,3,0.7
64,148,90,52,73,149,62,3,0.7
65,148,90,52,73,149,61,3,0.7
64,148,89,52,73,149,61,3,0.7
64,148,88,52,72,150,61,3,0.7
65,148,88,52,72,149,61,3,0.7
66,148,88,51,73,149,61,3,0.7
67,148,88,51,72,149,61,3,0.7
65,148,88,51,73,149,61,3,0.7
66,148,85,51,73,149,61,3,0.7
67,148,84,51,74,149,60,3,0.7
68,148,85,51,74,149,60,3,0.7
68,148,85,51,74,149,61,3,0.7
67,148,85,51,73,149,60,3,0.7
66,148,84,52,73,149,60,3,0.7
66,148,84,52,74,149,60,3,0.7
67,148,84,52,75,149,60,3,0.7
68,148,83,52,75,149,60,3,0.7
67,148,82,52,74,149,59,3,0.7
67,148,80,52,75,149,60,3,0.7
68,148,81,52,75,149,60,3,0.7
67,148,80,52,75,149,59,3,0.7
67,148,80,52,73,149,59,3,0.7
67,148,81,51,74,149,59,3,0.7
69,148,81,51,74,149,59,3,0.7
68,148,81,51,74,149,59,3,0.7
68,147,81,51,73,149,59,3,0.7
69,148,80,51,73,150,59,3,0.7
69,148,80,52,74,149,59,3,0.7
69,148,80,52,75,149,58,3,0.7
68,148,79,52,73,149,59,3,0.7
69,148,77,52,75,149,59,3,0.7
69,148,78,52,75,149,59,3,0.7
70,148,78,52,75,149,58,3,0.7
69,148,78,51,75,149,58,3,0.7
70,148,78,51,76,149,58,3,0.7
70,148,78,51,74,149,58,3,0.7
69,148,77,51,75,149,58,3,0.7
69,148,77,51,76,149,58,3,0.7
70,148,77,51,76,149,58,3,0.7
70,148,77,51,76,149,57,3,0.7
70,148,77,52,76,149,58,3,0.7
70,148,78,52,75,149,58,3,0.7
69,148,78,52,76,149,58,3,0.7
70,148,77,52,77,149,57,3,0.7
69,148,78,52,75,149,57,3,0.7
69,148,76,51,76,149,57,3,0.7
69,148,75,51,77,149,57,3,0.7
69,148,77,51,77,149,57,3,0.7
69,147,76,51,77,149,57,3,0.7
69,148,76,51,77,150,57,3,0.7
69,148,76,51,76,149,56,3,0.7
69,148,76,51,77,149,56,3,0.7
70,148,76,51,78,149,57,3,0.7
69,148,76,52,76,149,57,3,0.7
69,148,75,52,77,149,56,3,0.7
69,148,75,52,78,149,56,3,0.7
69,148,75,52,78,149,56,3,0.7
69,148,75,52,78,149,56,3,0.7
69,148,74,51,78,149,56,3,0.7
68,148,74,51,77,149,56,3,0.7
68,148,74,51,78,149,56,3,0.7
69,148,74,51,78,149,56,3,0.7
68,148,74,51,77,150,55,3,0.7
68,148,73,51,79,149,56,3,0.7
68,148,75,51,79,149,55,3,0.7
68,148,74,51,79,149,55,3,0.7
68,148,75,51,79,149,55,3,0.7
68,148,74,51,79,149,55,3,0.7
67,148,73,52,78,149,55,3,0.7
67,148,74,51,79,149,54,3,0.7
68,148,74,51,79,149,55,3,0.7
67,147,74,51,78,149,55,3,0.7
67,148,73,51,80,149,55,3,0.7
68,148,73,51,80,149,54,3,0.7
67,148,73,51,80,149,55,3,0.7
67,148,73,51,80,149,54,3,0.7
67,148,73,51,80,149,54,3,0.7
66,148,72,51,79,149,54,3,0.7
66,148,72,51,80,149,54,3,0.7
67,148,72,51,80,149,54,3,0.7
66,148,72,51,81,149,53,3,0.7
66,148,72,52,81,149,54,3,0.7
67,148,72,52,81,149,54,3,0.7
66,148,72,52,81,149,54,3,0.7
65,147,71,52,80,149,53,3,0.7
66,148,73,52,81,149,53,3,0.7
65,148,73,52,80,149,53,3,0.7
65,148,73,52,82,149,53,3,0.7
66,148,73,52,82,149,53,3,0.7
65,148,73,52,83,149,53,3,0.7
65,148,73,52,83,149,53,3,0.7
66,148,73,52,82,149,53,3,0.7
65,148,73,52,84,149,52,3,0.7
64,148,74,53,84,149,53,3,0.7
65,148,73,52,84,149,53,3,0.7
64,148,72,52,84,150,52,3,0.7
64,148,72,52,84,149,52,3,0.7
65,148,71,52,83,149,52,3,0.7
64,148,73,52,84,149,52,3,0.7
64,148,73,52,84,149,52,3,0.7
65,148,73,52,83,149,52,3,0.7
63,148,73,52,85,149,52,3,0.7
63,148,73,52,85,149,52,3,0.7
64,148,73,52,85,149,51,3,0.7
63,148,73,52,84,149,52,3,0.7
63,148,73,52,85,149,52,3,0.7
64,148,72,52,84,149,51,3,0.7
63,148,72,52,85,149,51,3,0.7
63,148,72,53,85,149,51,3,0.7
63,148,72,53,86,149,51,3,0.7
62,148,71,53,87,149,50,3,0.7
62,148,73,53,86,149,51,3,0.7
63,148,72,53,88,149,51,3,0.7
62,148,73,53,87,149,51,3,0.7
62,148,73,53,88,149,50,3,0.7
63,148,73,53,88,149,51,3,0.7
62,148,73,53,88,149,50,3,0.7
62,147,73,53,89,149,50,3,0.7
62,148,72,53,90,150,50,3,0.7
61,148,72,53,89,149,50,3,0.7
61,148,72,54,89,149,50,3,0.7
62,148,72,54,90,149,50,3,0.7
61,148,72,54,89,149,50,3,0.7
61,148,71,54,90,149,50,3,0.7
61,148,73,54,90,149,50,3,0.7
61,148,72,54,91,149,49,3,0.7
61,148,73,54,92,149,49,3,0.7
61,148,73,54,91,149,49,3,0.7
60,148,73,54,91,149,50,4,0.7
59,147,75,54,87,149,50,4,0.7
58,148,75,54,87,149,51,4,0.7
57,148,76,54,86,149,51,4,0.7
56,148,77,54,84,149,52,4,0.7
55,148,78,54,84,149,52,4,0.7
54,148,79,54,83,149,53,4,0.7
54,148,80,54,82,149,54,4,0.7
53,148,81,54,81,149,54,4,0.7
53,148,81,54,81,149,54,3,0.7
53,148,81,54,81,149,54,3,0.7
53,148,81,54,81,149,54,3,0.7
53,148,81,54,81,149,54,3,0.7
53,148,81,54,81,149,54,3,0.7
53,148,81,54,81,149,54,3,0.7
53,148,81,54,81,149,54,3,0.7
53,148,81,54,81,149,54,3,0.7
53,148,81,54,81,149,54,3,0.7
53,148,80,54,81,149,54,3,0.7
53,148,78,54,82,149,54,3,0.7
53,148,80,54,81,149,54,3,0.7
53,148,79,54,81,149,54,3,0.7
53,148,78,54,82,149,54,3,0.7
53,148,80,54,83,149,54,3,0.7
53,148,79,54,81,149,54,3,0.7
53,148,78,54,82,149,54,3,0.7
53,148,80,54,82,149,54,3,0.7
54,148,79,54,81,149,54,3,0.7
53,148,78,54,81,149,54,3,0.7
53,148,78,54,82,149,54,3,0.7
53,148,78,54,81,149,54,3,0.7
53,148,78,54,81,149,54,3,0.7
53,148,78,54,82,149,54,3,0.7
53,148,78,54,84,149,54,3,0.7
53,148,78,54,83,149,54,3,0.7
53,148,78,54,84,149,54,3,0.7
53,148,78,54,84,149,54,3,0.7
52,148,79,54,83,149,55,4,0.7
52,148,80,54,81,149,56,4,0.7
51,148,81,54,81,149,57,4,0.7
51,148,82,54,80,149,57,4,0.7
50,148,83,54,78,149,58,4,0.7
50,148,84,54,77,149,59,4,0.7
49,148,85,54,76,149,60,4,0.7
49,148,88,54,75,149,61,4,0.7
48,148,89,54,73,149,62,4,0.7
49,149,89,54,74,149,62,3,0.7
49,148,87,54,74,149,63,3,0.7
49,148,87,53,74,149,63,3,0.7
49,148,87,53,74,149,63,3,0.7
49,148,87,53,75,149,63,3,0.7
49,148,86,53,75,149,63,3,0.7
49,148,87,53,74,149,63,3,0.7
49,148,86,53,74,149,63,3,0.7
50,148,86,53,75,149,63,3,0.7
49,148,86,53,74,149,64,3,0.7
50,148,86,53,73,149,64,3,0.7
50,148,86,53,74,149,64,3,0.7
50,148,86,54,74,149,64,3,0.7
50,148,85,54,74,149,64,3,0.7
50,148,85,54,73,149,64,3,0.7
50,148,86,53,74,149,64,3,0.7
50,148,85,53,75,149,65,3,0.7
50,148,85,53,75,149,65,3,0.7
50,148,85,53,75,149,65,3,0.7
51,148,85,53,74,149,65,3,0.7
51,148,84,53,74,148,65,3,0.7
51,148,85,53,75,149,65,3,0.7
51,148,83,53,75,149,65,3,0.7
51,148,83,53,76,149,65,3,0.7
51,148,82,53,76,149,65,3,0.7
51,148,82,53,75,149,66,3,0.7
51,148,83,53,77,149,66,3,0.7
51,148,82,53,76,149,66,3,0.7
51,148,82,52,76,149,66,3,0.7
51,148,82,52,75,149,66,3,0.7
52,148,82,52,75,149,66,3,0.7
52,148,81,52,76,149,67,3,0.7
52,148,82,52,76,149,66,3,0.7
52,149,81,52,76,149,67,3,0.7
52,148,81,52,75,149,67,3,0.7
52,148,82,52,77,149,67,3,0.7
52,148,81,52,76,149,67,3,0.7
52,148,81,52,76,149,67,3,0.7
53,148,81,53,77,149,67,3,0.7
52,148,80,53,77,149,67,3,0.7
53,148,80,53,78,149,68,3,0.7
53,148,81,52,78,149,68,3,0.7
53,148,80,52,77,149,68,3,0.7
53,148,80,52,77,148,68,3,0.7
53,148,80,52,76,149,68,3,0.7
53,148,80,52,76,149,68,3,0.7
53,149,80,52,76,149,69,3,0.7
53,148,80,52,77,149,68,3,0.7
53,148,79,52,77,149,68,3,0.7
54,148,79,53,78,149,69,3,0.7
54,148,80,53,78,149,69,3,0.7
54,148,79,53,78,149,69,3,0.7
54,148,79,52,79,149,69,3,0.7
54,148,79,52,79,149,69,3,0.7
54,148,79,52,78,149,69,3,0.7
54,148,78,52,79,149,69,3,0.7
54,149,79,52,79,149,68,3,0.7
54,148,78,52,80,149,69,3,0.7
54,148,78,52,80,149,69,3,0.7
54,148,77,52,79,149,69,3,0.7
55,148,78,52,79,149,69,3,0.7
55,148,78,53,80,149,69,3,0.7
55,148,78,53,80,149,68,3,0.7
55,148,77,53,81,149,69,3,0.7
55,148,77,53,80,149,68,3,0.7
55,148,78,52,82,149,69,3,0.7
55,148,77,52,82,149,68,3,0.7
55,148,77,52,83,149,69,3,0.7
56,148,77,52,82,149,68,3,0.7
55,149,77,52,82,149,67,3,0.7
56,148,77,52,83,149,68,3,0.7
56,148,77,52,85,149,68,3,0.7
56,148,76,52,85,149,67,3,0.7
56,148,76,52,84,149,66,3,0.7
56,148,75,52,84,149,67,3,0.7
56,148,77,52,83,149,67,4,0.7
55,148,78,52,82,149,68,4,0.7
55,148,80,52,82,149,69,4,0.7
54,148,80,52,79,149,69,4,0.7
54,148,82,52,79,149,69,4,0.7
54,148,82,52,77,149,70,4,0.7
54,148,84,52,76,149,71,4,0.7
53,148,85,52,75,149,71,4,0.7
53,148,86,52,74,148,73,4,0.7
53,148,88,52,72,149,73,4,0.7
53,148,87,51,73,149,73,3,0.7
53,149,87,51,73,149,74,3,0.7
53,148,87,52,73,149,73,3,0.7
54,148,88,52,73,148,72,3,0.7
54,148,86,52,74,149,72,3,0.7
54,148,86,52,74,149,73,3,0.7
54,148,86,52,75,149,72,3,0.7
54,149,86,51,75,149,71,3,0.7
54,148,84,51,74,149,72,3,0.7
55,148,85,51,74,149,71,3,0.7
55,149,85,51,75,149,72,3,0.7
55,148,85,51,74,149,71,3,0.7
55,148,84,50,75,149,71,3,0.7
55,148,84,51,75,149,71,3,0.7
56,148,83,51,75,149,70,3,0.7
56,148,83,51,75,149,71,3,0.7
56,148,82,51,75,148,70,3,0.7
56,148,82,51,76,149,71,3,0.7
56,148,82,50,76,149,71,3,0.7
57,148,83,51,77,149,71,3,0.7
57,149,84,51,76,149,71,3,0.7
57,148,83,51,78,149,70,3,0.7
57,148,83,51,79,148,70,3,0.7
57,148,82,51,78,149,71,3,0.7
57,149,84,51,78,148,72,4,0.7
57,148,85,51,76,149,72,4,0.7
57,148,86,51,74,149,74,4,0.7
56,148,87,51,72,149,74,4,0.7
56,148,88,51,72,149,74,4,0.7
56,148,89,51,70,149,74,4,0.7
56,148,90,51,69,149,75,4,0.7
56,148,93,50,69,148,77,4,0.7
56,148,94,50,68,148,77,4,0.7
56,148,95,50,67,148,77,4,0.7
56,145,98,50,66,148,78,4,0.7
56,145,97,51,66,149,78,3,0.7
57,145,97,51,66,149,78,3,0.7
57,146,96,50,66,149,78,3,0.7
57,148,96,50,66,149,78,3,0.7
57,148,95,50,67,149,78,3,0.7
58,147,94,50,66,148,78,3,0.7
58,148,94,49,67,149,77,3,0.7
58,148,94,49,68,149,77,3,0.7
58,148,94,49,68,148,78,3,0.7
59,148,95,49,68,149,78,3,0.7
59,148,94,50,67,148,77,3,0.7
59,149,93,49,67,148,77,3,0.7
60,148,93,49,67,147,77,3,0.7
60,148,92,49,66,146,77,3,0.7
60,149,91,49,67,145,77,3,0.7
60,148,91,49,68,145,78,3,0.7
61,148,90,49,68,144,77,3,0.7
61,148,90,49,68,143,76,3,0.7
61,148,88,48,68,143,77,3,0.7
61,148,88,48,70,142,77,3,0.7
62,149,88,48,71,141,76,3,0.7
62,148,87,48,72,141,77,3,0.7
62,148,86,47,148,140,77,3,0.7
62,148,88,47,71,141,77,4,0.7
62,149,90,47,70,141,77,4,0.7
62,147,92,47,68,141,78,4,0.7
62,145,94,47,67,141,78,4,0.7
62,141,96,47,66,141,78,4,0.7
62,139,99,47,64,142,78,4,0.7
62,137,101,47,63,142,79,4,0.7
62,134,104,47,62,144,81,4,0.7
62,132,106,48,61,144,82,4,0.7
63,129,107,48,60,144,82,4,0.7
63,127,110,48,59,146,82,4,0.7
63,124,114,48,59,146,82,4,0.7
63,122,117,48,58,146,83,4,0.7
63,120,122,48,58,146,84,4,0.7
63,119,126,48,57,147,84,4,0.7
63,117,131,48,56,147,86,4,0.7
64,116,137,47,55,149,86,4,0.7
64,115,144,47,54,148,86,4,0.7
64,115,142,47,55,149,87,3,0.7
65,115,140,46,55,148,86,3,0.7
65,117,138,47,54,147,86,3,0.7
64,117,136,47,54,146,86,3,0.7
66,117,134,46,54,146,85,3,0.7
65,119,132,46,55,145,85,3,0.7
66,119,129,46,56,144,85,3,0.7
66,120,127,46,56,144,85,3,0.7
66,120,125,45,56,143,85,3,0.7
66,122,123,45,55,141,84,3,0.7
66,122,121,43,57,142,85,3,0.7
67,122,119,44,60,141,84,3,0.7
67,124,117,45,62,140,85,3,0.7
67,124,117,44,148,139,84,3,0.7
68,124,118,44,148,139,84,3,0.7
68,126,117,43,148,138,84,3,0.7
68,126,115,44,148,137,83,3,0.7
68,127,113,44,148,137,83,3,0.7
68,127,111,43,148,136,83,3,0.7
69,126,116,43,148,136,83,4,0.7
69,124,121,43,148,137,83,4,0.7
68,123,122,43,148,136,84,4,0.7
68,122,129,43,148,138,84,4,0.7
69,120,137,43,148,137,84,4,0.7
68,119,147,44,148,139,85,4,0.7
68,118,147,43,148,140,86,4,0.7
69,117,148,43,148,140,86,4,0.7
69,116,148,43,148,141,87,4,0.7
69,115,148,43,148,142,87,4,0.7
68,114,148,43,58,143,87,4,0.7
68,113,148,43,58,144,88,4,0.7
68,112,148,43,57,143,88,4,0.7
67,112,148,43,57,144,88,4,0.7
68,111,148,42,52,145,88,4,0.7
67,112,148,42,56,143,88,3,0.7
68,112,148,42,66,143,87,3,0.7
68,113,148,41,67,143,87,3,0.7
69,113,148,41,148,141,87,3,0.7
69,114,148,41,148,141,87,3,0.7
70,115,148,41,148,141,87,3,0.7
70,115,148,40,148,140,87,3,0.7
71,117,148,40,148,138,86,3,0.7
71,117,148,40,148,138,86,3,0.7
72,118,148,39,148,138,86,3,0.7
72,119,148,39,148,136,86,3,0.7
72,119,148,39,148,136,85,3,0.7
72,120,148,39,148,136,85,3,0.7
73,120,148,38,148,134,85,3,0.7
73,121,148,38,148,134,85,3,0.7
74,122,148,38,148,134,84,3,0.7
74,122,148,38,148,133,84,3,0.7
75,124,148,37,148,131,84,3,0.7
75,124,148,38,148,131,84,3,0.7
75,125,148,37,148,131,83,3,0.7
75,126,148,36,148,129,83,3,0.7
76,126,148,37,148,129,83,3,0.7
76,127,148,36,148,129,83,3,0.7
77,127,148,37,148,127,82,3,0.7
77,128,138,37,148,127,82,3,0.7
76,129,139,36,148,127,81,3,0.7
77,129,125,35,148,126,81,3,0.7
77,131,122,34,148,124,80,3,0.7
78,131,122,35,148,124,80,3,0.7
77,132,115,34,148,124,79,3,0.7
78,133,115,35,148,122,80,3,0.7
77,133,108,34,148,122,79,3,0.7
78,134,108,34,148,122,79,3,0.7
78,134,97,34,148,120,78,3,0.7
79,135,97,34,148,120,78,3,0.7
79,136,93,34,148,120,77,3,0.7
80,136,90,34,148,119,77,3,0.7
79,138,91,34,148,117,76,3,0.7
80,138,87,35,148,117,77,3,0.7
80,139,88,34,148,117,76,3,0.7
81,140,84,34,148,115,76,3,0.7
81,140,85,34,148,115,75,3,0.7
81,139,85,34,148,115,76,4,0.7
80,138,90,35,148,117,75,4,0.7
81,138,90,35,148,118,76,4,0.7
80,136,95,35,148,118,75,4,0.7
80,135,103,34,148,118,75,4,0.7
80,135,124,34,148,118,75,4,0.7
80,134,148,34,147,120,76,4,0.7
80,133,148,35,148,121,76,4,0.7
79,132,148,35,148,122,76,4,0.7
80,133,148,36,148,120,76,3,0.7
81,134,148,36,148,120,75,3,0.7
81,135,148,36,148,119,75,3,0.7
81,135,148,36,148,118,74,3,0.7
81,136,148,37,148,117,74,3,0.7
82,137,108,37,148,117,74,3,0.7
82,137,101,37,148,116,73,3,0.7
82,138,97,37,148,115,73,3,0.7
82,139,94,37,148,115,72,3,0.7
83,139,87,38,148,115,72,3,0.7
83,140,84,39,148,113,71,3,0.7
84,141,78,38,148,113,71,3,0.7
83,142,75,39,148,112,70,3,0.7
84,142,76,39,148,111,70,3,0.7
84,143,73,41,148,110,70,3,0.7
84,144,70,40,148,110,69,3,0.7
85,144,67,41,148,109,70,3,0.7
85,145,67,42,148,108,69,3,0.7
85,146,66,42,148,108,69,3,0.7
84,145,67,42,148,107,68,4,0.7
84,144,69,42,148,109,68,4,0.7
83,144,69,42,148,110,69,4,0.7
83,143,73,43,148,110,68,4,0.7
83,142,78,43,148,111,68,4,0.7
83,142,81,43,147,112,68,4,0.7
84,142,85,43,148,112,69,4,0.7
82,141,148,43,148,114,68,4,0.7
82,140,148,43,148,113,68,4,0.7
82,140,148,43,148,114,68,4,0.7
82,139,148,43,148,115,68,4,0.7
83,139,148,43,148,116,68,4,0.7
82,137,148,43,148,118,66,4,0.7
82,137,148,44,148,117,67,4,0.7
81,135,148,44,148,119,67,4,0.7
81,136,148,44,148,119,67,4,0.7
81,134,148,44,148,122,68,4,0.7
81,134,148,44,147,124,68,4,0.7
81,133,148,44,148,126,68,4,0.7
81,134,148,43,148,124,68,3,0.7
81,134,149,45,148,124,67,3,0.7
82,135,148,44,148,123,67,3,0.7
81,136,148,44,148,123,67,3,0.7
82,136,149,45,148,122,66,3,0.7
82,137,148,45,148,121,66,3,0.7
82,138,148,45,148,121,66,3,0.7
83,138,148,46,147,120,65,3,0.7
83,139,149,46,148,119,65,3,0.7
83,140,148,47,148,119,65,3,0.7
83,141,148,47,147,117,64,3,0.7
82,139,148,47,148,118,64,4,0.7
82,139,148,47,147,121,64,4,0.7
82,139,148,47,147,120,64,4,0.7
81,139,148,47,148,123,64,4,0.7
81,138,148,47,147,123,64,4,0.7
81,137,148,47,148,126,64,4,0.7
81,135,148,47,148,126,64,4,0.7
82,136,148,47,148,126,64,3,0.7
81,136,148,48,148,126,64,3,0.7
82,137,148,48,148,124,64,3,0.7
83,138,148,48,148,124,63,3,0.7
82,138,148,47,147,123,63,3,0.7
83,139,148,49,148,123,63,3,0.7
84,140,149,49,148,122,62,3,0.7
83,140,72,49,147,121,62,3,0.7
82,140,148,49,148,124,62,4,0.7
82,140,148,49,148,125,62,4,0.7
81,140,148,49,148,128,63,4,0.7
81,139,148,49,148,129,63,4,0.7
81,139,148,49,143,131,62,4,0.7
79,138,148,49,134,134,62,4,0.7
78,138,148,49,130,136,62,4,0.7
79,137,148,49,125,138,62,4,0.7
79,136,149,49,124,143,62,4,0.7
78,136,149,49,119,145,62,4,0.7
78,135,148,49,117,147,63,4,0.7
79,136,149,50,117,146,63,3,0.7
78,136,148,50,118,145,63,3,0.7
78,137,148,50,119,144,62,3,0.7
79,138,148,50,119,144,62,3,0.7
79,138,148,50,120,143,62,3,0.7
80,139,148,51,121,143,62,3,0.7
79,140,71,51,122,142,62,3,0.7
78,139,149,51,120,145,62,4,0.7
77,138,148,51,116,148,61,4,0.7
77,138,148,51,112,148,61,4,0.7
75,137,148,51,112,148,62,4,0.7
75,138,149,51,108,148,62,4,0.7
76,137,149,52,105,148,62,4,0.7
74,136,148,52,104,148,62,4,0.7
74,136,148,52,101,148,63,4,0.7
73,135,148,52,99,148,62,4,0.7
73,135,149,52,97,148,62,4,0.7
73,136,148,52,98,148,63,3,0.7
73,136,148,52,98,149,63,3,0.7
73,137,149,52,100,148,61,3,0.7
74,138,149,52,98,148,62,3,0.7
74,138,149,52,100,148,62,3,0.7
75,139,148,52,100,148,62,3,0.7
74,140,148,52,101,148,62,3,0.7
74,141,75,53,102,148,62,3,0.7
74,141,74,53,101,148,62,3,0.7
75,141,76,53,101,148,63,4,0.7
73,140,149,53,99,148,62,4,0.7
72,139,149,53,96,148,62,4,0.7
71,137,148,53,94,148,63,4,0.7
71,137,148,53,93,148,62,4,0.7
72,137,148,53,91,148,62,4,0.7
71,136,149,53,89,148,63,4,0.7
70,137,148,53,88,148,63,4,0.7
70,136,148,53,86,148,64,4,0.7
69,134,149,53,87,148,63,4,0.7
68,135,148,53,84,148,65,4,0.7
68,136,149,53,85,148,65,3,0.7
70,136,149,53,85,148,65,3,0.7
69,137,149,53,85,148,63,3,0.7
69,138,149,53,85,148,64,3,0.7
70,139,149,53,85,148,64,3,0.7
70,139,149,54,85,148,63,3,0.7
69,140,149,53,85,148,64,3,0.7
69,141,149,53,86,148,64,3,0.7
70,141,84,53,86,148,64,3,0.7
69,142,81,53,87,148,64,3,0.7
69,142,85,53,85,148,62,4,0.7
68,141,149,53,84,148,64,4,0.7
68,140,149,53,82,148,65,4,0.7
67,139,149,53,81,147,66,4,0.7
67,139,148,53,80,148,67,4,0.7
67,138,149,53,80,148,68,4,0.7
66,137,148,53,78,148,66,4,0.7
66,137,148,53,77,148,69,4,0.7
66,137,149,53,77,148,70,4,0.7
65,137,149,53,77,148,69,3,0.7
65,138,148,53,76,148,68,3,0.7
66,138,149,53,77,148,69,3,0.7
66,139,148,53,76,148,69,3,0.7
66,140,148,53,76,148,68,3,0.7
67,140,149,54,77,148,68,3,0.7
66,141,148,54,77,148,68,3,0.7
66,142,149,54,77,148,69,3,0.7
66,142,93,54,77,148,68,3,0.7
66,144,90,54,77,148,68,3,0.7
67,144,89,53,78,148,67,3,0.7
67,145,88,53,78,148,68,3,0.7
67,145,87,53,78,148,69,3,0.7
68,146,86,53,78,148,69,3,0.7
67,147,85,53,78,147,68,3,0.7
67,147,84,53,77,148,68,3,0.7
68,148,84,53,77,148,68,3,0.7
67,149,82,54,78,148,68,3,0.7
68,149,84,54,78,148,67,3,0.7
67,148,83,54,77,148,69,4,0.7
67,147,86,54,75,148,70,4,0.7
67,146,87,54,75,148,69,4,0.7
66,146,90,54,74,148,71,4,0.7
66,145,92,54,73,148,73,4,0.7
65,145,95,54,72,148,73,4,0.7
65,144,99,54,72,148,74,4,0.7
63,143,148,54,71,148,75,4,0.7
63,143,100,54,71,148,74,3,0.7
64,144,100,53,69,148,74,3,0.7
64,145,97,53,70,148,74,3,0.7
64,146,95,52,70,148,75,3,0.7
64,146,95,52,70,148,76,3,0.7
65,147,94,52,71,148,75,3,0.7
64,148,92,52,71,148,74,3,0.7
65,148,91,51,69,148,74,3,0.7
65,149,92,52,70,148,74,3,0.7
66,149,91,52,70,148,75,3,0.7
66,149,91,52,70,148,74,3,0.7
66,149,89,52,70,148,75,3,0.7
66,149,90,52,71,148,76,3,0.7
66,150,89,51,71,148,75,3,0.7
67,149,88,51,70,148,74,3,0.7
67,149,89,51,70,148,75,3,0.7
67,150,88,52,70,148,74,3,0.7
67,149,87,52,70,147,75,3,0.7
67,149,85,52,69,148,76,3,0.7
67,149,86,51,69,148,75,3,0.7
67,149,85,51,69,147,77,3,0.7
67,149,84,51,70,148,76,3,0.7
66,149,85,52,70,148,75,3,0.7
67,149,84,52,70,148,75,3,0.7
67,149,83,52,70,148,76,3,0.7
67,149,84,51,69,148,75,3,0.7
67,149,84,51,69,148,77,3,0.7
67,149,84,51,70,148,76,3,0.7
67,149,83,51,70,148,75,3,0.7
68,149,82,51,70,148,76,3,0.7
68,149,83,51,70,148,75,3,0.7
68,149,82,51,69,148,75,3,0.7
68,150,81,50,71,148,74,3,0.7
68,149,81,50,70,148,74,3,0.7
69,149,81,51,71,148,75,3,0.7
69,149,80,51,71,148,74,3,0.7
69,149,81,51,71,147,75,3,0.7
