Current_State,Action,New_State,Reward,Terminated
"[78, 149, 64, 49, 79, 148, 63, 49]",IDLE,"[79, 149, 64, 50, 79, 148, 65, 50]",-11.13405,False
"[78, 149, 64, 49, 79, 148, 63, 49]",IDLE,"[79, 149, 64, 50, 79, 148, 65, 50]",-11.13405,False
"[78, 149, 64, 49, 79, 148, 63, 49]",IDLE,"[79, 149, 64, 50, 79, 148, 65, 50]",-11.13405,False
"[78, 149, 64, 49, 79, 148, 63, 49]",IDLE,"[79, 149, 64, 50, 79, 148, 65, 50]",-11.13405,False
"[78, 149, 64, 49, 79, 148, 63, 49]",IDLE,"[79, 149, 64, 50, 79, 148, 65, 50]",-11.13405,False
"[78, 149, 64, 49, 79, 148, 63, 49]",IDLE,"[79, 149, 64, 50, 79, 148, 65, 50]",-11.13405,False
"[78, 149, 64, 49, 79, 148, 63, 49]",IDLE,"[79, 149, 64, 50, 79, 148, 65, 50]",-11.13405,False
"[78, 149, 64, 49, 79, 148, 63, 49]",IDLE,"[79, 149, 64, 50, 79, 148, 65, 50]",-11.13405,False
"[78, 149, 64, 49, 79, 148, 63, 49]",IDLE,"[79, 149, 64, 50, 79, 148, 65, 50]",-11.13405,False
"[78, 149, 64, 49, 79, 148, 63, 49]",IDLE,"[79, 149, 64, 50, 79, 148, 65, 50]",-11.13405,False
"[78, 149, 64, 49, 79, 148, 63, 49]",IDLE,"[79, 149, 64, 50, 79, 148, 65, 50]",-11.13405,False
"[78, 149, 64, 49, 79, 148, 63, 49]",IDLE,"[79, 149, 64, 50, 79, 148, 65, 50]",-11.13405,False
"[78, 149, 64, 49, 79, 148, 63, 49]",IDLE,"[79, 149, 64, 50, 79, 148, 65, 50]",-11.13405,False
"[78, 149, 64, 49, 79, 148, 63, 49]",IDLE,"[79, 149, 64, 50, 79, 148, 65, 50]",-11.13405,False
"[78, 149, 64, 49, 79, 148, 63, 49]",IDLE,"[79, 149, 64, 50, 79, 148, 65, 50]",-11.13405,False
"[78, 149, 64, 49, 79, 148, 63, 49]",IDLE,"[79, 149, 64, 50, 79, 148, 65, 50]",-11.13405,False
"[78, 149, 64, 49, 79, 148, 63, 49]",IDLE,"[79, 149, 64, 50, 79, 148, 65, 50]",-11.13405,False
"[78, 149, 64, 49, 79, 148, 63, 49]",IDLE,"[79, 149, 64, 50, 79, 148, 65, 50]",-11.13405,False
"[78, 149, 64, 49, 79, 148, 63, 49]",IDLE,"[79, 149, 64, 50, 79, 148, 65, 50]",-11.13405,False
"[78, 149, 64, 49, 79, 148, 63, 49]",IDLE,"[79, 149, 64, 50, 79, 148, 65, 50]",-11.13405,False
"[78, 149, 64, 49, 79, 148, 63, 49]",IDLE,"[79, 149, 64, 50, 79, 148, 65, 50]",-11.13405,False
"[78, 149, 64, 49, 79, 148, 63, 49]",IDLE,"[79, 149, 64, 50, 79, 148, 65, 50]",-11.13405,False
"[78, 149, 64, 49, 79, 148, 63, 49]",IDLE,"[79, 149, 64, 50, 79, 148, 65, 50]",-11.13405,False
"[78, 149, 64, 49, 79, 148, 63, 49]",IDLE,"[79, 149, 64, 50, 79, 148, 65, 50]",-11.13405,False
"[78, 149, 64, 49, 79, 148, 63, 49]",IDLE,"[79, 149, 64, 50, 79, 148, 65, 50]",-11.13405,False
"[78, 149, 64, 49, 79, 148, 63, 49]",IDLE,"[79, 149, 64, 50, 79, 148, 65, 50]",-11.13405,False
"[78, 149, 64, 49, 79, 148, 63, 49]",IDLE,"[79, 149, 64, 50, 79, 148, 65, 50]",-11.13405,False
"[78, 149, 64, 49, 79, 148, 63, 49]",IDLE,"[79, 149, 64, 50, 79, 148, 65, 50]",-11.13405,False
"[78, 149, 64, 49, 79, 148, 63, 49]",IDLE,"[79, 149, 64, 50, 79, 148, 65, 50]",-11.13405,False
"[78, 149, 64, 49, 79, 148, 63, 49]",IDLE,"[79, 149, 64, 50, 79, 148, 65, 50]",-11.13405,False
"[78, 149, 64, 49, 79, 148, 63, 49]",IDLE,"[79, 149, 64, 50, 79, 148, 65, 50]",-11.13405,False
"[78, 149, 64, 49, 79, 148, 63, 49]",IDLE,"[79, 149, 64, 50, 79, 148, 65, 50]",-11.13405,False
"[78, 149, 64, 49, 79, 148, 63, 49]",IDLE,"[79, 149, 64, 50, 79, 148, 65, 50]",-11.13405,False
"[78, 149, 64, 49, 79, 148, 63, 49]",IDLE,"[79, 149, 64, 50, 79, 148, 65, 50]",-11.13405,False
"[78, 149, 64, 49, 79, 148, 63, 49]",IDLE,"[79, 149, 64, 50, 79, 148, 65, 50]",-11.13405,False
"[78, 149, 64, 49, 79, 148, 63, 49]",IDLE,"[79, 149, 64, 50, 79, 148, 65, 50]",-11.13405,False
"[78, 149, 64, 49, 79, 148, 63, 49]",IDLE,"[79, 149, 64, 50, 79, 148, 65, 50]",-11.13405,False
"[78, 149, 64, 49, 79, 148, 63, 49]",IDLE,"[79, 149, 64, 50, 79, 148, 65, 50]",-11.13405,False
"[78, 149, 64, 49, 79, 148, 63, 49]",IDLE,"[79, 149, 64, 50, 79, 148, 65, 50]",-11.13405,False
"[78, 149, 64, 49, 79, 148, 63, 49]",IDLE,"[79, 149, 64, 50, 79, 148, 65, 50]",-11.13405,False
"[78, 149, 64, 49, 79, 148, 63, 49]",IDLE,"[79, 149, 64, 50, 79, 148, 65, 50]",-11.13405,False
"[78, 149, 64, 49, 79, 148, 63, 49]",IDLE,"[79, 149, 64, 50, 79, 148, 65, 50]",-11.13405,False
"[78, 149, 64, 49, 79, 148, 63, 49]",IDLE,"[79, 149, 64, 50, 79, 148, 65, 50]",-11.13405,False
"[78, 149, 64, 49, 79, 148, 63, 49]",IDLE,"[79, 149, 64, 50, 79, 148, 65, 50]",-11.13405,False
"[78, 149, 64, 49, 79, 148, 63, 49]",IDLE,"[79, 149, 64, 50, 79, 148, 65, 50]",-11.13405,False
"[78, 149, 64, 49, 79, 148, 63, 49]",IDLE,"[79, 149, 64, 50, 79, 148, 65, 50]",-11.13405,False
"[78, 149, 64, 49, 79, 148, 63, 49]",IDLE,"[79, 149, 64, 50, 79, 148, 65, 50]",-11.13405,False
"[78, 149, 64, 49, 79, 148, 63, 49]",IDLE,"[79, 149, 64, 50, 79, 148, 65, 50]",-11.13405,False
"[78, 149, 64, 49, 79, 148, 63, 49]",IDLE,"[79, 149, 64, 50, 79, 148, 65, 50]",-11.13405,False
"[78, 149, 64, 49, 79, 148, 63, 49]",IDLE,"[79, 149, 64, 50, 79, 148, 65, 50]",-11.13405,False
"[78, 149, 64, 49, 79, 148, 63, 49]",IDLE,"[79, 149, 64, 50, 79, 148, 65, 50]",-11.13405,False
"[78, 149, 64, 49, 79, 148, 63, 49]",IDLE,"[79, 149, 64, 50, 79, 148, 65, 50]",-11.13405,False
"[78, 149, 64, 49, 79, 148, 63, 49]",IDLE,"[79, 149, 64, 50, 79, 148, 65, 50]",-11.13405,False
"[78, 149, 64, 49, 79, 148, 63, 49]",IDLE,"[79, 149, 64, 50, 79, 148, 65, 50]",-11.13405,False
"[78, 149, 64, 49, 79, 148, 63, 49]",IDLE,"[79, 149, 64, 50, 79, 148, 65, 50]",-11.13405,False
"[78, 149, 64, 49, 79, 148, 63, 49]",IDLE,"[79, 149, 64, 50, 79, 148, 65, 50]",-11.13405,False
"[78, 149, 64, 49, 79, 148, 63, 49]",IDLE,"[79, 149, 64, 50, 79, 148, 65, 50]",-11.13405,False
"[78, 149, 64, 49, 79, 148, 63, 49]",IDLE,"[79, 149, 64, 50, 79, 148, 65, 50]",-11.13405,False
"[78, 149, 64, 49, 79, 148, 63, 49]",IDLE,"[79, 149, 64, 50, 79, 148, 65, 50]",-11.13405,False
"[78, 149, 64, 49, 79, 148, 63, 49]",IDLE,"[79, 149, 64, 50, 79, 148, 65, 50]",-11.13405,False
"[78, 149, 64, 49, 79, 148, 63, 49]",IDLE,"[79, 149, 64, 50, 79, 148, 65, 50]",-11.13405,False
"[78, 149, 64, 49, 79, 148, 63, 49]",IDLE,"[79, 149, 64, 50, 79, 148, 65, 50]",-11.13405,False
"[78, 149, 64, 49, 79, 148, 63, 49]",IDLE,"[79, 149, 64, 50, 79, 148, 65, 50]",-11.13405,False
"[78, 149, 64, 49, 79, 148, 63, 49]",IDLE,"[79, 149, 64, 50, 79, 148, 65, 50]",-11.13405,False
"[78, 149, 64, 49, 79, 148, 63, 49]",IDLE,"[79, 149, 64, 50, 79, 148, 65, 50]",-11.13405,False
"[78, 149, 64, 49, 79, 148, 63, 49]",IDLE,"[79, 149, 64, 50, 79, 148, 65, 50]",-11.13405,False
"[78, 149, 64, 49, 79, 148, 63, 49]",IDLE,"[79, 149, 64, 50, 79, 148, 65, 50]",-11.13405,False
"[78, 149, 64, 49, 79, 148, 63, 49]",IDLE,"[79, 149, 64, 50, 79, 148, 65, 50]",-11.13405,False
"[78, 149, 64, 49, 79, 148, 63, 49]",IDLE,"[79, 149, 64, 50, 79, 148, 65, 50]",-11.13405,False
"[78, 149, 64, 49, 79, 148, 63, 49]",IDLE,"[79, 149, 64, 50, 79, 148, 65, 50]",-11.13405,False
"[78, 149, 64, 49, 79, 148, 63, 49]",IDLE,"[79, 149, 64, 50, 79, 148, 65, 50]",-11.13405,False
"[78, 149, 64, 49, 79, 148, 63, 49]",IDLE,"[79, 149, 64, 50, 79, 148, 65, 50]",-11.13405,False
"[78, 149, 64, 49, 79, 148, 63, 49]",IDLE,"[79, 149, 64, 50, 79, 148, 65, 50]",-11.13405,False
"[78, 149, 64, 49, 79, 148, 63, 49]",IDLE,"[79, 149, 64, 50, 79, 148, 65, 50]",-11.13405,False
"[78, 149, 64, 49, 79, 148, 63, 49]",IDLE,"[79, 149, 64, 50, 79, 148, 65, 50]",-11.13405,False
"[78, 149, 64, 49, 79, 148, 63, 49]",IDLE,"[79, 149, 64, 50, 79, 148, 65, 50]",-11.13405,False
"[78, 149, 64, 49, 79, 148, 63, 49]",IDLE,"[79, 149, 64, 50, 79, 148, 65, 50]",-11.13405,False
"[78, 149, 64, 49, 79, 148, 63, 49]",IDLE,"[79, 149, 64, 50, 79, 148, 65, 50]",-11.13405,False
"[78, 149, 64, 49, 79, 148, 63, 49]",IDLE,"[79, 149, 64, 50, 79, 148, 65, 50]",-11.13405,False
"[78, 149, 64, 49, 79, 148, 63, 49]",IDLE,"[79, 149, 64, 50, 79, 148, 65, 50]",-11.13405,False
"[78, 149, 64, 49, 79, 148, 63, 49]",IDLE,"[79, 149, 64, 50, 79, 148, 65, 50]",-11.13405,False
"[78, 149, 64, 49, 79, 148, 63, 49]",IDLE,"[79, 149, 64, 50, 79, 148, 65, 50]",-11.13405,False
"[78, 149, 64, 49, 79, 148, 63, 49]",IDLE,"[79, 149, 64, 50, 79, 148, 65, 50]",-11.13405,False
"[78, 149, 64, 49, 79, 148, 63, 49]",IDLE,"[79, 149, 64, 50, 79, 148, 65, 50]",-11.13405,False
"[78, 149, 64, 49, 79, 148, 63, 49]",IDLE,"[79, 149, 64, 50, 79, 148, 65, 50]",-11.13405,False
"[78, 149, 64, 49, 79, 148, 63, 49]",IDLE,"[79, 149, 64, 50, 79, 148, 65, 50]",-11.13405,False
"[78, 149, 64, 49, 79, 148, 63, 49]",IDLE,"[79, 149, 64, 50, 79, 148, 65, 50]",-11.13405,False
"[78, 149, 64, 49, 79, 148, 63, 49]",IDLE,"[79, 149, 64, 50, 79, 148, 65, 50]",-11.13405,False
"[78, 149, 64, 49, 79, 148, 63, 49]",IDLE,"[79, 149, 64, 50, 79, 148, 65, 50]",-11.13405,False
"[78, 149, 64, 49, 79, 148, 63, 49]",IDLE,"[79, 149, 64, 50, 79, 148, 65, 50]",-11.13405,False
"[78, 149, 64, 49, 79, 148, 63, 49]",IDLE,"[79, 149, 64, 50, 79, 148, 65, 50]",-11.13405,False
"[78, 149, 64, 49, 79, 148, 63, 49]",IDLE,"[79, 149, 64, 50, 79, 148, 65, 50]",-11.13405,False
"[78, 149, 64, 49, 79, 148, 63, 49]",IDLE,"[79, 149, 64, 50, 79, 148, 65, 50]",-11.13405,False
"[78, 149, 64, 49, 79, 148, 63, 49]",IDLE,"[79, 149, 64, 50, 79, 148, 65, 50]",-11.13405,False
"[78, 149, 64, 49, 79, 148, 63, 49]",IDLE,"[79, 149, 64, 50, 79, 148, 65, 50]",-11.13405,False
"[78, 149, 64, 49, 79, 148, 63, 49]",IDLE,"[79, 149, 64, 50, 79, 148, 65, 50]",-11.13405,False
"[78, 149, 64, 49, 79, 148, 63, 49]",IDLE,"[79, 149, 64, 50, 79, 148, 65, 50]",-11.13405,False
"[78, 149, 64, 49, 79, 148, 63, 49]",IDLE,"[79, 149, 64, 50, 79, 148, 65, 50]",-11.13405,False
"[78, 149, 64, 49, 79, 148, 63, 49]",IDLE,"[79, 149, 64, 50, 79, 148, 65, 50]",-11.13405,False
"[78, 149, 64, 49, 79, 148, 63, 49]",IDLE,"[79, 149, 64, 50, 79, 148, 65, 50]",-11.13405,False
"[78, 149, 64, 49, 79, 148, 63, 49]",IDLE,"[79, 149, 64, 50, 79, 148, 65, 50]",-11.13405,False
"[78, 149, 64, 49, 79, 148, 63, 49]",IDLE,"[79, 149, 64, 50, 79, 148, 65, 50]",-11.13405,False
"[78, 149, 64, 49, 79, 148, 63, 49]",IDLE,"[79, 149, 64, 50, 79, 148, 65, 50]",-11.13405,False
"[78, 149, 64, 49, 79, 148, 63, 49]",IDLE,"[79, 149, 64, 50, 79, 148, 65, 50]",-11.13405,False
"[78, 149, 64, 49, 79, 148, 63, 49]",IDLE,"[79, 149, 64, 50, 79, 148, 65, 50]",-11.13405,False
"[78, 149, 64, 49, 79, 148, 63, 49]",IDLE,"[79, 149, 64, 50, 79, 148, 65, 50]",-11.13405,False
"[78, 149, 64, 49, 79, 148, 63, 49]",IDLE,"[79, 149, 64, 50, 79, 148, 65, 50]",-11.13405,False
"[78, 149, 64, 49, 79, 148, 63, 49]",IDLE,"[79, 149, 64, 50, 79, 148, 65, 50]",-11.13405,False
"[78, 149, 64, 49, 79, 148, 63, 49]",IDLE,"[79, 149, 64, 50, 79, 148, 65, 50]",-11.13405,False
"[78, 149, 64, 49, 79, 148, 63, 49]",IDLE,"[79, 149, 64, 50, 79, 148, 65, 50]",-11.13405,False
"[78, 149, 64, 49, 79, 148, 63, 49]",IDLE,"[79, 149, 64, 50, 79, 148, 65, 50]",-11.13405,False
"[78, 149, 64, 49, 79, 148, 63, 49]",IDLE,"[79, 149, 64, 50, 79, 148, 65, 50]",-11.13405,False
"[78, 149, 64, 49, 79, 148, 63, 49]",IDLE,"[79, 149, 64, 50, 79, 148, 65, 50]",-11.13405,False
"[78, 149, 64, 49, 79, 148, 63, 49]",IDLE,"[79, 149, 64, 50, 79, 148, 65, 50]",-11.13405,False
"[78, 149, 64, 49, 79, 148, 63, 49]",IDLE,"[79, 149, 64, 50, 79, 148, 65, 50]",-11.13405,False
"[78, 149, 64, 49, 79, 148, 63, 49]",IDLE,"[79, 149, 64, 50, 79, 148, 65, 50]",-11.13405,False
"[78, 149, 64, 49, 79, 148, 63, 49]",IDLE,"[79, 149, 64, 50, 79, 148, 65, 50]",-11.13405,False
"[78, 149, 64, 49, 79, 148, 63, 49]",IDLE,"[79, 149, 64, 50, 79, 148, 65, 50]",-11.13405,False
"[78, 149, 64, 49, 79, 148, 63, 49]",IDLE,"[79, 149, 64, 50, 79, 148, 65, 50]",-11.13405,False
"[78, 149, 64, 49, 79, 148, 63, 49]",IDLE,"[79, 149, 64, 50, 79, 148, 65, 50]",-11.13405,False
"[78, 149, 64, 49, 79, 148, 63, 49]",IDLE,"[79, 149, 64, 50, 79, 148, 65, 50]",-11.13405,False
"[78, 149, 64, 49, 79, 148, 63, 49]",IDLE,"[79, 149, 64, 50, 79, 148, 65, 50]",-11.13405,False
"[78, 149, 64, 49, 79, 148, 63, 49]",IDLE,"[79, 149, 64, 50, 79, 148, 65, 50]",-11.13405,False
"[78, 149, 64, 49, 79, 148, 63, 49]",IDLE,"[79, 149, 64, 50, 79, 148, 65, 50]",-11.13405,False
"[78, 149, 64, 49, 79, 148, 63, 49]",IDLE,"[79, 149, 64, 50, 79, 148, 65, 50]",-11.13405,False
"[78, 149, 64, 49, 79, 148, 63, 49]",IDLE,"[79, 149, 64, 50, 79, 148, 65, 50]",-11.13405,False
"[78, 149, 64, 49, 79, 148, 63, 49]",IDLE,"[79, 149, 64, 50, 79, 148, 65, 50]",-11.13405,False
"[78, 149, 64, 49, 79, 148, 63, 49]",IDLE,"[79, 149, 64, 50, 79, 148, 65, 50]",-11.13405,False
"[78, 149, 64, 49, 79, 148, 63, 49]",IDLE,"[79, 149, 64, 50, 79, 148, 65, 50]",-11.13405,False
"[78, 149, 64, 49, 79, 148, 63, 49]",IDLE,"[79, 149, 64, 50, 79, 148, 65, 50]",-11.13405,False
"[78, 149, 64, 49, 79, 148, 63, 49]",IDLE,"[79, 149, 64, 50, 79, 148, 65, 50]",-11.13405,False
"[78, 149, 64, 49, 79, 148, 63, 49]",IDLE,"[79, 149, 64, 50, 79, 148, 65, 50]",-11.13405,False
"[78, 149, 64, 49, 79, 148, 63, 49]",IDLE,"[79, 149, 64, 50, 79, 148, 65, 50]",-11.13405,False
"[78, 149, 64, 49, 79, 148, 63, 49]",IDLE,"[79, 149, 64, 50, 79, 148, 65, 50]",-11.13405,False
"[78, 149, 64, 49, 79, 148, 63, 49]",IDLE,"[79, 149, 64, 50, 79, 148, 65, 50]",-11.13405,False
"[78, 149, 64, 49, 79, 148, 63, 49]",IDLE,"[79, 149, 64, 50, 79, 148, 65, 50]",-11.13405,False
"[78, 149, 64, 49, 79, 148, 63, 49]",IDLE,"[79, 149, 64, 50, 79, 148, 65, 50]",-11.13405,False
"[78, 149, 64, 49, 79, 148, 63, 49]",IDLE,"[79, 149, 64, 50, 79, 148, 65, 50]",-11.13405,False
"[78, 149, 64, 49, 79, 148, 63, 49]",IDLE,"[79, 149, 64, 50, 79, 148, 65, 50]",-11.13405,False
"[78, 149, 64, 49, 79, 148, 63, 49]",IDLE,"[79, 149, 64, 50, 79, 148, 65, 50]",-11.13405,False
"[78, 149, 64, 49, 79, 148, 63, 49]",IDLE,"[79, 149, 64, 50, 79, 148, 65, 50]",-11.13405,False
"[78, 149, 64, 49, 79, 148, 63, 49]",IDLE,"[79, 149, 64, 50, 79, 148, 65, 50]",-11.13405,False
"[78, 149, 64, 49, 79, 148, 63, 49]",IDLE,"[79, 149, 64, 50, 79, 148, 65, 50]",-11.13405,False
"[78, 149, 64, 49, 79, 148, 63, 49]",IDLE,"[79, 149, 64, 50, 79, 148, 65, 50]",-11.13405,False
"[78, 149, 64, 49, 79, 148, 63, 49]",IDLE,"[79, 149, 64, 50, 79, 148, 65, 50]",-11.13405,False
"[78, 149, 64, 49, 79, 148, 63, 49]",IDLE,"[79, 149, 64, 50, 79, 148, 65, 50]",-11.13405,False
"[78, 149, 64, 49, 79, 148, 63, 49]",IDLE,"[79, 149, 64, 50, 79, 148, 65, 50]",-11.13405,False
"[78, 149, 64, 49, 79, 148, 63, 49]",UP,"[79, 149, 64, 50, 79, 148, 65, 50]",-1.11855,False
"[78, 149, 64, 49, 79, 148, 63, 49]",UP,"[79, 149, 64, 50, 79, 148, 65, 50]",-1.10255,False
"[78, 149, 64, 49, 79, 148, 63, 49]",UP,"[79, 149, 66, 50, 79, 148, 65, 50]",-1.08605,False
"[78, 149, 64, 49, 79, 148, 63, 49]",UP,"[79, 149, 66, 50, 79, 148, 65, 50]",-1.06905,False
"[78, 149, 64, 49, 79, 148, 63, 49]",UP,"[79, 149, 66, 50, 79, 148, 65, 50]",-1.05155,False
"[78, 149, 64, 49, 79, 148, 63, 49]",UP,"[79, 149, 66, 50, 79, 148, 65, 50]",-1.03355,False
"[78, 149, 64, 49, 79, 148, 63, 49]",UP,"[79, 149, 66, 50, 79, 148, 65, 50]",-1.01505,False
"[78, 149, 64, 49, 79, 148, 63, 49]",UP,"[79, 149, 66, 50, 79, 148, 65, 50]",-0.9960499999999999,False
"[78, 149, 64, 49, 79, 148, 63, 49]",UP,"[80, 149, 66, 50, 81, 148, 65, 50]",-0.97655,False
"[78, 149, 64, 49, 79, 148, 63, 49]",UP,"[80, 149, 66, 50, 81, 148, 63, 50]",-0.9565499999999999,False
"[78, 149, 64, 49, 79, 148, 63, 49]",UP,"[80, 149, 66, 50, 81, 148, 63, 50]",-0.93605,False
"[78, 149, 64, 49, 79, 148, 62, 49]",UP,"[80, 149, 66, 50, 81, 148, 63, 50]",-0.9150499999999999,False
"[78, 149, 65, 49, 79, 148, 62, 49]",UP,"[80, 149, 65, 50, 81, 148, 63, 50]",-0.8935500000000001,False
"[78, 149, 65, 49, 79, 148, 62, 49]",UP,"[80, 149, 65, 50, 81, 148, 63, 50]",-0.87155,False
"[78, 149, 65, 49, 79, 148, 62, 49]",UP,"[80, 149, 65, 50, 80, 148, 64, 50]",-0.84905,False
"[78, 149, 65, 49, 79, 148, 62, 49]",UP,"[79, 149, 65, 50, 80, 148, 64, 50]",-0.82605,False
"[78, 149, 64, 49, 79, 148, 62, 49]",UP,"[79, 149, 65, 50, 80, 148, 64, 50]",-0.8025499999999999,False
"[79, 149, 64, 49, 79, 148, 62, 49]",UP,"[79, 149, 66, 50, 81, 148, 64, 50]",-0.8245,False
"[79, 149, 64, 49, 79, 148, 62, 49]",UP,"[79, 149, 66, 50, 81, 148, 64, 50]",-0.8,False
"[78, 149, 64, 49, 79, 148, 62, 49]",UP,"[79, 149, 66, 50, 81, 148, 63, 50]",-0.72905,False
"[78, 149, 64, 49, 79, 148, 62, 49]",UP,"[79, 149, 66, 50, 81, 148, 63, 50]",-0.7035499999999999,False
"[78, 149, 64, 49, 81, 148, 62, 49]",UP,"[80, 149, 66, 50, 82, 148, 63, 50]",-0.6775499999999999,False
"[78, 149, 64, 49, 81, 148, 62, 49]",UP,"[80, 149, 66, 50, 82, 148, 63, 50]",-0.6510499999999999,False
"[78, 149, 65, 49, 81, 148, 62, 49]",UP,"[80, 149, 65, 50, 82, 148, 62, 50]",-0.6240499999999998,False
"[78, 149, 65, 49, 80, 148, 62, 49]",UP,"[80, 149, 65, 50, 82, 148, 62, 50]",-0.5965499999999998,False
"[78, 149, 64, 49, 80, 148, 62, 49]",UP,"[79, 149, 65, 50, 82, 148, 62, 50]",-0.5685499999999998,False
"[79, 149, 64, 49, 81, 148, 61, 49]",UP,"[79, 149, 66, 50, 82, 148, 62, 50]",-0.5859999999999999,False
"[78, 149, 64, 49, 81, 148, 62, 49]",UP,"[79, 149, 66, 50, 82, 148, 63, 50]",-0.5110499999999998,False
"[78, 149, 64, 49, 81, 148, 62, 49]",UP,"[79, 149, 66, 50, 82, 148, 63, 50]",-0.48154999999999976,False
"[78, 149, 64, 49, 81, 148, 62, 49]",UP,"[80, 149, 66, 50, 82, 148, 63, 50]",-0.45154999999999973,False
"[78, 149, 65, 49, 81, 148, 62, 49]",UP,"[80, 149, 65, 50, 82, 148, 62, 50]",-0.4210499999999997,False
"[76, 149, 65, 49, 80, 148, 62, 49]",UP,"[78, 149, 65, 50, 82, 148, 62, 50]",-0.3029499999999998,False
"[76, 149, 64, 49, 81, 148, 62, 49]",UP,"[79, 149, 65, 50, 82, 148, 62, 50]",-0.27144999999999975,False
"[76, 149, 64, 49, 81, 148, 62, 49]",UP,"[78, 149, 66, 50, 82, 148, 64, 50]",-0.23944999999999977,False
"[77, 149, 64, 49, 81, 148, 62, 49]",UP,"[78, 149, 66, 50, 82, 148, 63, 50]",-0.24969999999999976,False
"[77, 149, 64, 49, 81, 148, 62, 49]",UP,"[78, 149, 66, 50, 82, 148, 63, 50]",-0.21669999999999973,False
"[77, 149, 65, 49, 81, 148, 62, 49]",UP,"[78, 149, 65, 50, 82, 148, 62, 50]",-0.1831999999999997,False
"[76, 149, 65, 49, 80, 148, 62, 49]",UP,"[77, 149, 65, 50, 82, 148, 62, 50]",-0.10644999999999966,False
"[76, 149, 64, 49, 81, 148, 61, 49]",UP,"[77, 149, 66, 50, 82, 148, 62, 50]",-0.07194999999999963,False
"[77, 149, 64, 49, 81, 148, 62, 49]",UP,"[77, 149, 66, 50, 82, 148, 63, 50]",-0.07969999999999966,False
"[77, 149, 64, 49, 81, 148, 62, 49]",UP,"[78, 149, 66, 50, 82, 148, 63, 50]",-0.04419999999999963,False
"[77, 149, 65, 49, 81, 148, 62, 49]",UP,"[78, 149, 65, 50, 82, 148, 62, 50]",-0.008199999999999597,False
"[76, 149, 65, 49, 80, 148, 62, 49]",UP,"[77, 149, 65, 50, 82, 148, 62, 50]",0.07105000000000039,False
"[76, 149, 64, 49, 82, 148, 61, 49]",UP,"[77, 149, 66, 50, 83, 148, 62, 50]",0.10805000000000042,False
"[77, 149, 64, 49, 82, 148, 62, 49]",UP,"[77, 149, 66, 50, 83, 148, 63, 50]",0.10280000000000045,False
"[77, 149, 65, 49, 82, 148, 62, 49]",UP,"[78, 149, 66, 50, 83, 148, 62, 50]",0.14080000000000048,False
"[76, 149, 65, 49, 82, 148, 62, 49]",UP,"[77, 149, 65, 50, 83, 148, 62, 50]",0.22205000000000064,False
"[76, 149, 64, 49, 82, 148, 61, 49]",UP,"[77, 149, 66, 50, 83, 148, 61, 50]",0.26105000000000067,False
"[77, 149, 64, 49, 82, 148, 61, 49]",UP,"[77, 149, 66, 50, 83, 148, 62, 50]",0.2578000000000006,False
"[77, 149, 64, 49, 82, 148, 60, 49]",UP,"[78, 149, 66, 50, 83, 148, 62, 50]",0.2978000000000005,False
"[76, 149, 65, 49, 82, 148, 60, 49]",UP,"[77, 149, 65, 50, 83, 148, 62, 50]",0.38105000000000055,False
"[76, 149, 64, 49, 82, 148, 61, 49]",UP,"[77, 149, 66, 50, 83, 148, 61, 50]",0.4220500000000006,False
"[77, 149, 64, 49, 82, 148, 61, 49]",UP,"[77, 149, 66, 50, 83, 148, 62, 50]",0.4208000000000006,False
"[77, 149, 65, 49, 82, 148, 60, 49]",UP,"[78, 149, 66, 50, 83, 148, 62, 50]",0.46280000000000066,False
"[76, 149, 65, 49, 82, 148, 61, 49]",UP,"[77, 149, 65, 50, 83, 148, 62, 50]",0.5480500000000009,False
"[77, 149, 64, 50, 82, 148, 61, 49]",UP,"[77, 149, 66, 51, 83, 148, 62, 50]",0.5508000000000008,False
"[77, 149, 64, 50, 83, 148, 60, 49]",UP,"[78, 149, 66, 51, 84, 148, 62, 50]",0.5943000000000009,False
"[76, 149, 65, 50, 83, 148, 60, 49]",UP,"[77, 149, 65, 51, 85, 148, 62, 50]",0.681050000000001,False
"[76, 149, 64, 50, 83, 148, 61, 49]",UP,"[77, 149, 66, 51, 84, 148, 61, 50]",0.725550000000001,False
"[77, 149, 64, 50, 83, 148, 61, 49]",UP,"[77, 149, 66, 51, 84, 148, 62, 50]",0.7278000000000011,False
"[77, 149, 65, 50, 83, 148, 60, 49]",UP,"[78, 149, 65, 51, 85, 148, 62, 50]",0.773300000000001,False
"[76, 149, 64, 50, 83, 148, 61, 49]",UP,"[77, 149, 65, 51, 84, 148, 62, 50]",0.8620500000000011,False
"[77, 149, 64, 50, 83, 148, 61, 48]",UP,"[77, 149, 66, 51, 84, 148, 62, 49]",0.8189500000000012,False
"[77, 149, 65, 50, 83, 148, 60, 48]",UP,"[78, 149, 66, 51, 85, 148, 60, 49]",0.8659500000000013,False
"[76, 149, 65, 50, 83, 148, 59, 48]",UP,"[77, 149, 65, 51, 85, 148, 61, 49]",0.957800000000001,False
"[77, 149, 64, 50, 83, 148, 59, 48]",UP,"[77, 149, 66, 51, 85, 148, 61, 49]",0.9614500000000012,False
"[77, 149, 64, 50, 85, 148, 59, 48]",UP,"[78, 149, 66, 51, 86, 148, 60, 49]",1.0099500000000015,False
"[76, 149, 65, 50, 85, 148, 59, 48]",UP,"[77, 149, 65, 51, 86, 148, 59, 49]",1.1033000000000013,False
"[77, 149, 66, 50, 85, 148, 59, 48]",UP,"[77, 149, 67, 51, 86, 148, 61, 49]",1.1084500000000015,False
"[77, 149, 66, 50, 85, 148, 59, 48]",UP,"[78, 149, 67, 51, 86, 148, 60, 49]",1.1584500000000013,False
"[76, 149, 65, 50, 85, 148, 59, 48]",UP,"[77, 149, 67, 51, 86, 148, 59, 49]",1.2533000000000012,False
"[75, 149, 66, 50, 85, 148, 59, 48]",UP,"[77, 149, 67, 51, 86, 148, 61, 49]",1.3470500000000012,False
"[75, 149, 65, 50, 85, 148, 59, 48]",UP,"[77, 149, 67, 51, 86, 148, 60, 49]",1.398550000000001,False
"[75, 149, 66, 50, 85, 148, 59, 48]",UP,"[76, 149, 67, 51, 86, 148, 59, 49]",1.4505500000000016,False
"[75, 149, 66, 50, 86, 148, 59, 48]",UP,"[77, 149, 67, 51, 86, 148, 60, 49]",1.5030500000000013,False
"[76, 149, 65, 50, 86, 148, 59, 48]",UP,"[76, 149, 67, 51, 87, 148, 60, 49]",1.5133000000000014,False
"[75, 149, 66, 50, 86, 148, 59, 48]",UP,"[77, 149, 67, 51, 87, 148, 59, 49]",1.6095500000000014,False
"[75, 149, 66, 50, 86, 148, 59, 48]",UP,"[77, 149, 67, 51, 88, 148, 60, 49]",1.6635500000000016,False
"[76, 149, 65, 51, 86, 148, 59, 48]",UP,"[76, 149, 67, 52, 87, 148, 59, 49]",1.6778000000000017,False
"[75, 149, 66, 51, 86, 148, 59, 48]",UP,"[77, 149, 66, 52, 88, 148, 61, 49]",1.7755500000000015,False
"[76, 149, 65, 51, 88, 148, 59, 48]",UP,"[76, 149, 67, 52, 89, 148, 60, 49]",1.7883000000000013,False
"[75, 149, 66, 51, 88, 148, 59, 48]",UP,"[77, 149, 67, 52, 89, 148, 59, 49]",1.887050000000002,False
"[75, 149, 66, 51, 88, 148, 59, 48]",UP,"[77, 149, 67, 52, 89, 148, 60, 49]",1.9435500000000017,False
"[75, 149, 66, 51, 87, 148, 58, 48]",UP,"[76, 149, 67, 52, 88, 148, 59, 49]",2.0005500000000014,False
"[75, 149, 66, 51, 86, 148, 58, 48]",UP,"[77, 149, 67, 52, 88, 148, 59, 49]",2.0580500000000015,False
"[76, 149, 65, 51, 86, 148, 57, 48]",UP,"[76, 149, 67, 52, 87, 148, 59, 49]",2.073300000000002,False
"[74, 149, 66, 51, 86, 148, 58, 48]",UP,"[75, 149, 67, 52, 86, 148, 59, 49]",2.215700000000002,False
"[74, 149, 65, 51, 86, 148, 57, 48]",UP,"[76, 149, 67, 52, 88, 148, 59, 49]",2.274700000000002,False
"[74, 149, 66, 51, 86, 148, 58, 47]",UP,"[75, 149, 67, 52, 88, 148, 59, 48]",2.2905500000000014,False
"[74, 149, 65, 51, 88, 148, 57, 47]",UP,"[75, 149, 67, 52, 89, 148, 59, 48]",2.3505500000000015,False
"[74, 149, 66, 51, 88, 148, 58, 47]",UP,"[75, 149, 67, 52, 89, 148, 59, 48]",2.411050000000002,False
"[74, 149, 66, 51, 88, 148, 58, 47]",UP,"[75, 149, 67, 52, 89, 148, 59, 48]",2.4720500000000016,False
"[74, 149, 66, 51, 89, 148, 58, 47]",UP,"[75, 149, 67, 52, 90, 148, 59, 48]",2.5335500000000017,False
"[74, 149, 66, 51, 89, 148, 58, 47]",UP,"[75, 149, 67, 52, 90, 148, 59, 48]",2.595550000000002,False
"[74, 149, 67, 52, 89, 148, 58, 47]",UP,"[76, 149, 68, 53, 90, 148, 59, 48]",2.660550000000002,False
"[74, 149, 67, 52, 89, 148, 58, 47]",UP,"[75, 149, 67, 53, 90, 148, 59, 48]",2.7235500000000017,False
"[74, 149, 67, 52, 89, 148, 57, 47]",UP,"[76, 149, 68, 53, 90, 148, 59, 48]",2.787050000000002,False
"[74, 149, 67, 52, 90, 148, 58, 47]",UP,"[75, 149, 67, 53, 91, 148, 59, 48]",2.851050000000002,False
"[74, 149, 67, 52, 90, 148, 57, 47]",UP,"[76, 149, 68, 53, 91, 148, 59, 48]",2.9155500000000023,False
"[74, 149, 67, 52, 90, 148, 58, 47]",UP,"[75, 149, 67, 53, 91, 148, 59, 48]",2.9805500000000023,False
"[74, 149, 67, 52, 90, 148, 57, 47]",UP,"[76, 149, 68, 53, 91, 148, 57, 48]",3.0460500000000024,False
"[74, 149, 67, 52, 90, 148, 56, 47]",UP,"[75, 149, 67, 53, 91, 148, 58, 48]",3.1120500000000026,False
"[72, 149, 67, 52, 90, 148, 57, 47]",UP,"[74, 149, 68, 53, 92, 148, 57, 48]",3.2592500000000024,False
"[72, 149, 67, 52, 90, 148, 56, 47]",UP,"[74, 149, 67, 53, 92, 148, 58, 48]",3.3262500000000026,False
"[72, 149, 67, 52, 92, 148, 57, 46]",UP,"[73, 149, 68, 53, 93, 148, 58, 47]",3.3517000000000032,False
"[73, 149, 67, 52, 92, 148, 56, 46]",UP,"[73, 149, 67, 53, 93, 148, 58, 47]",3.378550000000003,False
"[72, 149, 67, 52, 92, 148, 56, 46]",UP,"[73, 149, 68, 53, 93, 148, 58, 47]",3.488200000000003,False
"[73, 149, 67, 52, 93, 148, 56, 46]",UP,"[74, 149, 67, 53, 95, 148, 58, 47]",3.5160500000000026,False
"[72, 149, 67, 52, 93, 148, 56, 46]",UP,"[73, 149, 68, 53, 95, 148, 58, 47]",3.626700000000003,False
"[73, 149, 67, 52, 95, 148, 57, 46]",UP,"[74, 149, 67, 53, 96, 148, 57, 47]",3.6555500000000025,False
"[72, 149, 67, 53, 95, 148, 56, 46]",UP,"[73, 149, 69, 54, 96, 148, 58, 47]",3.7697000000000034,False
"[73, 149, 67, 53, 95, 148, 57, 46]",UP,"[74, 149, 68, 54, 96, 148, 57, 47]",3.799550000000003,False
"[72, 149, 66, 53, 96, 148, 56, 46]",UP,"[73, 149, 67, 54, 98, 148, 58, 47]",3.9122000000000035,False
"[72, 149, 67, 53, 96, 148, 57, 46]",UP,"[73, 149, 68, 54, 97, 148, 57, 47]",3.9842000000000035,False
"[73, 149, 67, 53, 96, 148, 55, 46]",UP,"[73, 149, 67, 54, 98, 148, 56, 47]",4.015550000000005,False
"[72, 149, 67, 53, 96, 148, 55, 46]",UP,"[73, 149, 68, 54, 96, 148, 56, 47]",4.129700000000003,False
"[73, 149, 67, 53, 96, 148, 55, 46]",UP,"[74, 149, 67, 54, 97, 148, 55, 47]",4.162050000000004,False
"[72, 149, 67, 52, 96, 148, 55, 46]",UP,"[73, 149, 69, 53, 96, 148, 56, 47]",4.274700000000005,False
"[73, 149, 68, 52, 96, 148, 55, 46]",UP,"[74, 149, 68, 53, 97, 148, 55, 47]",4.308050000000004,False
"[71, 149, 69, 52, 98, 148, 55, 46]",UP,"[72, 149, 69, 53, 99, 148, 55, 47]",4.463750000000004,False
"[71, 149, 68, 53, 98, 148, 55, 45]",UP,"[72, 149, 70, 54, 99, 148, 56, 46]",4.499700000000004,False
"[71, 149, 69, 53, 97, 148, 55, 45]",UP,"[73, 149, 70, 54, 99, 148, 55, 46]",4.575700000000005,False
"[71, 149, 69, 53, 99, 148, 55, 45]",UP,"[72, 149, 70, 54, 100, 148, 56, 46]",4.652200000000004,False
"[71, 149, 68, 53, 99, 148, 54, 45]",UP,"[72, 149, 70, 54, 100, 148, 55, 46]",4.729200000000004,False
"[71, 149, 69, 53, 100, 148, 55, 45]",UP,"[73, 149, 69, 54, 102, 148, 55, 46]",4.806700000000005,False
"[70, 149, 69, 53, 96, 148, 54, 45]",UP_RIGHT,"[72, 149, 71, 54, 98, 148, 56, 46]",4.924250000000005,False
"[69, 149, 70, 53, 95, 148, 55, 45]",UP_RIGHT,"[71, 149, 72, 54, 96, 148, 55, 46]",5.040700000000004,False
"[67, 149, 72, 53, 92, 148, 56, 45]",UP_RIGHT,"[68, 149, 73, 54, 93, 148, 56, 46]",5.190800000000004,False
"[66, 149, 73, 53, 91, 148, 55, 45]",UP_RIGHT,"[67, 149, 74, 54, 92, 148, 57, 46]",5.303450000000004,False
"[65, 149, 73, 53, 90, 148, 56, 44]",UP_RIGHT,"[66, 149, 74, 54, 91, 148, 58, 45]",5.380950000000005,False
"[65, 149, 73, 53, 89, 148, 57, 45]",UP_RIGHT,"[66, 149, 74, 54, 90, 148, 59, 46]",5.495500000000004,False
"[64, 149, 74, 53, 86, 148, 58, 45]",UP_RIGHT,"[66, 149, 76, 54, 88, 148, 60, 46]",5.606450000000005,False
"[63, 149, 76, 53, 85, 148, 58, 44]",UP_RIGHT,"[64, 149, 77, 54, 86, 148, 59, 45]",5.685450000000005,False
"[63, 149, 77, 53, 83, 148, 59, 44]",UP_RIGHT,"[64, 149, 78, 54, 84, 148, 60, 45]",5.767450000000005,False
"[63, 149, 78, 53, 82, 148, 59, 44]",UP_RIGHT,"[63, 149, 79, 54, 83, 148, 60, 45]",5.849950000000004,False
"[61, 149, 78, 53, 82, 148, 58, 44]",UP,"[62, 149, 79, 54, 83, 148, 59, 45]",5.988050000000006,False
"[61, 149, 77, 53, 83, 147, 59, 43]",UP,"[62, 149, 78, 54, 84, 147, 59, 44]",6.044800000000006,False
"[61, 149, 78, 53, 83, 148, 59, 43]",UP,"[63, 149, 79, 54, 84, 148, 60, 44]",6.126300000000004,False
"[61, 149, 78, 53, 83, 148, 59, 43]",UP,"[62, 149, 79, 53, 84, 148, 61, 45]",6.210800000000006,False
"[62, 150, 77, 52, 84, 148, 60, 44]",UP,"[63, 150, 79, 53, 85, 148, 61, 45]",6.293300000000004,False
"[62, 149, 78, 52, 84, 148, 60, 44]",UP,"[63, 149, 78, 53, 85, 148, 61, 45]",6.365800000000004,False
"[62, 149, 79, 53, 84, 148, 59, 44]",UP,"[64, 149, 79, 54, 85, 148, 60, 45]",6.438300000000004,False
"[62, 149, 79, 53, 83, 148, 60, 44]",UP,"[63, 149, 80, 54, 85, 148, 60, 45]",6.508300000000005,False
"[63, 149, 78, 53, 83, 148, 59, 44]",UP,"[63, 149, 80, 54, 83, 148, 60, 45]",6.549950000000004,False
"[62, 149, 78, 53, 83, 148, 59, 44]",UP,"[63, 149, 79, 54, 84, 148, 60, 45]",6.648300000000005,False
"[62, 149, 78, 53, 83, 148, 58, 43]",UP,"[64, 149, 78, 54, 84, 148, 59, 44]",6.6874500000000054,False
"[62, 149, 77, 53, 83, 148, 59, 43]",UP,"[63, 149, 78, 54, 84, 148, 59, 44]",6.757450000000006,False
"[63, 149, 78, 53, 84, 148, 59, 43]",UP,"[64, 149, 79, 54, 85, 148, 60, 44]",6.797500000000006,False
"[63, 149, 78, 54, 84, 148, 58, 43]",UP,"[64, 149, 79, 54, 85, 148, 59, 44]",6.870000000000006,False
"[63, 150, 77, 54, 84, 147, 57, 44]",UP,"[64, 150, 79, 55, 85, 147, 58, 44]",6.9724500000000065,False
"[63, 149, 77, 53, 85, 148, 58, 44]",UP,"[64, 149, 78, 54, 86, 148, 58, 45]",7.039950000000006,False
"[62, 149, 77, 53, 85, 148, 58, 44]",UP,"[63, 149, 77, 54, 86, 148, 59, 45]",7.138300000000007,False
"[62, 149, 76, 53, 86, 148, 57, 44]",UP,"[63, 149, 77, 54, 87, 148, 58, 45]",7.2083000000000075,False
"[62, 149, 77, 53, 86, 148, 56, 44]",UP,"[63, 149, 78, 54, 87, 148, 57, 45]",7.278300000000008,False
"[62, 149, 77, 53, 86, 148, 57, 44]",UP,"[64, 149, 78, 54, 87, 148, 57, 45]",7.348300000000008,False
"[62, 149, 76, 53, 85, 148, 57, 43]",UP,"[64, 149, 78, 54, 87, 148, 58, 44]",7.387450000000008,False
"[63, 149, 77, 53, 87, 148, 57, 43]",UP,"[64, 149, 77, 54, 88, 148, 59, 44]",7.427500000000008,False
"[63, 149, 78, 53, 86, 148, 58, 43]",UP,"[64, 149, 79, 54, 88, 148, 59, 44]",7.4975000000000085,False
"[63, 149, 78, 54, 89, 148, 56, 43]",UP,"[64, 149, 79, 55, 90, 148, 57, 44]",7.570000000000009,False
"[63, 149, 77, 54, 89, 148, 56, 43]",UP,"[64, 149, 79, 55, 90, 148, 57, 44]",7.6400000000000095,False
"[63, 149, 77, 53, 89, 148, 56, 44]",UP,"[64, 149, 78, 54, 90, 148, 58, 45]",7.739950000000009,False
"[63, 149, 77, 53, 88, 148, 57, 44]",UP,"[64, 149, 77, 54, 90, 148, 58, 45]",7.8099500000000095,False
"[62, 149, 77, 53, 90, 148, 56, 44]",UP,"[63, 149, 79, 54, 91, 148, 58, 45]",7.90830000000001,False
"[62, 149, 77, 54, 89, 148, 56, 44]",UP,"[63, 149, 78, 55, 91, 148, 57, 45]",7.980800000000011,False
"[62, 149, 77, 54, 90, 148, 55, 44]",UP,"[64, 149, 78, 55, 91, 148, 57, 45]",8.050800000000011,False
"[62, 150, 76, 54, 89, 148, 56, 43]",UP,"[64, 150, 78, 55, 90, 148, 57, 44]",8.087450000000011,False
"[63, 149, 76, 54, 89, 148, 55, 43]",UP,"[63, 149, 77, 55, 91, 148, 57, 44]",8.130000000000011,False
"[63, 149, 76, 54, 90, 148, 55, 43]",UP,"[63, 149, 78, 55, 91, 148, 56, 44]",8.200000000000012,False
"[62, 149, 77, 54, 90, 148, 56, 43]",UP,"[63, 149, 79, 55, 92, 148, 57, 44]",8.299950000000011,False
"[63, 149, 77, 54, 90, 148, 56, 43]",UP,"[64, 149, 79, 55, 91, 148, 57, 44]",8.340000000000012,False
"[63, 149, 77, 54, 90, 148, 56, 44]",UP,"[64, 149, 78, 55, 91, 148, 56, 45]",8.442450000000012,False
"[63, 149, 77, 54, 91, 148, 55, 44]",UP,"[64, 149, 77, 55, 92, 148, 57, 45]",8.512450000000012,False
"[63, 149, 77, 54, 91, 147, 55, 43]",UP,"[65, 149, 78, 55, 92, 147, 56, 44]",8.552500000000013,False
"[63, 149, 77, 54, 92, 148, 54, 43]",UP,"[65, 149, 78, 55, 93, 148, 55, 44]",8.620000000000013,False
"[64, 149, 76, 54, 92, 148, 55, 43]",UP,"[64, 149, 78, 55, 93, 148, 55, 44]",8.658450000000013,False
"[62, 149, 77, 54, 93, 148, 56, 43]",UP,"[64, 149, 78, 55, 94, 148, 56, 44]",8.789950000000013,False
"[63, 149, 76, 55, 93, 148, 55, 43]",UP,"[63, 149, 77, 56, 94, 148, 57, 44]",8.832500000000014,False
"[63, 149, 76, 55, 94, 148, 55, 43]",UP,"[63, 149, 76, 56, 95, 148, 56, 44]",8.902500000000014,False
"[62, 150, 76, 55, 94, 148, 54, 43]",UP,"[63, 150, 77, 56, 95, 148, 56, 44]",8.999950000000014,False
"[63, 149, 77, 55, 94, 148, 55, 42]",UP,"[64, 149, 78, 56, 95, 148, 55, 43]",9.008450000000014,False
"[63, 149, 77, 54, 95, 148, 54, 42]",UP,"[64, 149, 78, 55, 96, 148, 56, 44]",9.075950000000015,False
"[63, 149, 77, 54, 95, 148, 54, 43]",UP,"[64, 149, 77, 55, 96, 148, 55, 44]",9.180000000000016,False
"[63, 149, 77, 55, 96, 148, 55, 43]",UP,"[65, 149, 78, 56, 97, 148, 56, 44]",9.252500000000015,False
"[63, 149, 77, 55, 97, 148, 54, 43]",UP,"[64, 149, 78, 56, 98, 148, 54, 44]",9.322500000000016,False
"[64, 149, 76, 55, 97, 148, 53, 43]",UP,"[64, 149, 78, 56, 98, 148, 55, 44]",9.360950000000017,False
"[63, 149, 77, 55, 97, 147, 53, 43]",UP,"[64, 149, 78, 56, 98, 147, 54, 44]",9.465000000000016,False
"[63, 149, 77, 55, 98, 148, 54, 43]",UP,"[64, 149, 78, 56, 99, 148, 55, 44]",9.532500000000017,False
"[62, 149, 76, 56, 98, 148, 53, 43]",UP,"[64, 149, 76, 57, 99, 148, 54, 44]",9.634950000000018,False
"[62, 150, 76, 56, 99, 148, 54, 42]",UP,"[63, 150, 77, 57, 148, 148, 54, 43]",9.670000000000018,False
"[63, 149, 77, 56, 99, 148, 53, 42]",UP,"[64, 149, 78, 57, 148, 148, 55, 43]",9.710950000000018,False
"[63, 149, 78, 55, 148, 148, 53, 42]",UP,"[64, 149, 79, 57, 148, 148, 54, 43]",9.778450000000017,False
"[63, 149, 77, 55, 148, 148, 52, 43]",UP,"[64, 149, 77, 56, 148, 148, 53, 44]",9.882500000000018,False
"[63, 149, 77, 56, 147, 148, 53, 43]",UP,"[65, 149, 78, 57, 147, 148, 53, 44]",9.955000000000018,False
"[62, 149, 77, 56, 147, 148, 54, 43]",UP,"[63, 149, 78, 57, 147, 148, 54, 44]",10.05495000000002,False
"[62, 149, 76, 56, 148, 148, 53, 42]",UP,"[64, 149, 77, 57, 148, 148, 55, 43]",10.092500000000019,False
"[62, 149, 77, 55, 148, 148, 52, 42]",UP,"[63, 149, 77, 56, 148, 148, 54, 43]",10.16000000000002,False
"[62, 149, 77, 55, 148, 148, 52, 42]",UP,"[63, 149, 78, 56, 148, 148, 52, 43]",10.23000000000002,False
"[62, 149, 75, 55, 148, 148, 53, 42]",UP,"[63, 149, 76, 56, 148, 148, 53, 43]",10.30000000000002,False
"[61, 149, 76, 56, 148, 148, 52, 42]",UP,"[62, 149, 77, 57, 148, 148, 54, 43]",10.40245000000002,False
"[61, 149, 76, 56, 148, 148, 53, 42]",UP,"[62, 149, 76, 57, 148, 148, 53, 43]",10.47245000000002,False
"[61, 149, 76, 55, 148, 148, 51, 42]",UP,"[62, 149, 78, 57, 148, 148, 53, 43]",10.53995000000002,False
"[62, 149, 76, 55, 148, 148, 52, 43]",UP,"[63, 149, 77, 56, 148, 148, 52, 44]",10.61245000000002,False
"[62, 149, 77, 56, 147, 148, 51, 42]",UP,"[63, 149, 78, 57, 147, 148, 53, 43]",10.652500000000021,False
"[62, 149, 77, 56, 147, 148, 52, 42]",UP,"[64, 149, 77, 57, 147, 148, 53, 43]",10.722500000000021,False
"[62, 149, 76, 56, 148, 148, 50, 42]",UP,"[63, 149, 77, 57, 148, 148, 52, 43]",10.792500000000022,False
"[63, 149, 75, 56, 148, 148, 50, 42]",UP,"[63, 149, 77, 57, 148, 148, 51, 43]",10.830950000000023,False
"[61, 149, 74, 57, 148, 148, 50, 42]",UP,"[62, 149, 75, 58, 148, 148, 52, 43]",10.964950000000023,False
"[62, 149, 75, 57, 148, 148, 51, 41]",UP,"[62, 149, 76, 58, 148, 148, 52, 42]",10.970950000000023,False
"[61, 149, 76, 57, 148, 148, 49, 41]",UP,"[62, 149, 77, 58, 148, 148, 51, 42]",11.072500000000023,False
"[61, 149, 76, 57, 148, 148, 49, 41]",UP,"[63, 149, 76, 58, 148, 148, 50, 42]",11.142500000000023,False
"[61, 149, 75, 57, 148, 147, 49, 40]",UP,"[62, 149, 76, 58, 148, 148, 51, 41]",11.178450000000023,False
"[62, 149, 76, 56, 148, 145, 50, 41]",UP,"[63, 149, 77, 57, 148, 146, 51, 42]",11.248450000000023,False
"[62, 149, 76, 57, 147, 146, 50, 41]",UP,"[63, 149, 77, 58, 147, 147, 51, 42]",11.323450000000024,False
"[62, 149, 75, 57, 148, 145, 49, 41]",UP,"[63, 149, 77, 58, 148, 146, 50, 42]",11.390950000000025,False
"[62, 149, 75, 57, 148, 143, 48, 41]",UP,"[63, 149, 76, 58, 148, 144, 50, 42]",11.460950000000025,False
"[62, 149, 75, 57, 148, 144, 49, 41]",UP,"[63, 149, 75, 58, 148, 145, 50, 42]",11.530950000000026,False
"[61, 149, 75, 57, 148, 143, 49, 40]",UP,"[62, 149, 77, 58, 148, 144, 50, 41]",11.598450000000025,False
"[61, 149, 76, 58, 148, 141, 48, 40]",UP,"[62, 149, 78, 59, 148, 142, 49, 41]",11.670950000000026,False
"[61, 149, 76, 58, 148, 142, 49, 40]",UP,"[63, 149, 77, 59, 148, 143, 50, 41]",11.740950000000026,False
"[61, 149, 76, 58, 148, 141, 49, 40]",UP,"[63, 149, 76, 59, 148, 142, 50, 41]",11.810950000000027,False
"[62, 149, 76, 59, 148, 140, 48, 39]",UP,"[63, 149, 77, 60, 148, 141, 49, 40]",11.813050000000027,False
"[61, 149, 77, 59, 148, 143, 48, 40]",UP_RIGHT,"[62, 149, 77, 60, 148, 144, 49, 41]",11.953450000000027,False
"[60, 149, 79, 59, 148, 147, 49, 40]",UP_RIGHT,"[61, 149, 80, 60, 148, 147, 50, 41]",12.055000000000026,False
"[59, 149, 79, 59, 148, 148, 49, 40]",UP_RIGHT,"[60, 149, 80, 60, 148, 148, 50, 41]",12.154950000000028,False
"[58, 149, 79, 58, 148, 148, 50, 40]",UP_RIGHT,"[59, 149, 80, 59, 148, 148, 51, 41]",12.250800000000028,False
"[57, 149, 80, 58, 148, 148, 50, 39]",UP_RIGHT,"[58, 149, 81, 59, 148, 148, 51, 40]",12.31830000000003,False
"[57, 149, 82, 58, 148, 148, 50, 40]",UP_RIGHT,"[58, 149, 83, 59, 148, 148, 51, 41]",12.417550000000029,False
"[56, 149, 84, 58, 148, 148, 50, 40]",UP_RIGHT,"[58, 149, 85, 59, 148, 148, 51, 41]",12.512700000000027,False
"[55, 149, 85, 58, 148, 148, 51, 39]",UP_RIGHT,"[56, 149, 86, 59, 148, 148, 52, 40]",12.580200000000028,False
"[55, 149, 87, 58, 148, 148, 52, 40]",UP_RIGHT,"[56, 149, 88, 59, 148, 148, 53, 41]",12.67625000000003,False
"[54, 149, 87, 58, 148, 148, 52, 39]",UP_RIGHT,"[56, 149, 88, 59, 148, 148, 53, 40]",12.74375000000003,False
"[54, 149, 91, 58, 148, 148, 52, 39]",UP_RIGHT,"[55, 149, 93, 59, 148, 148, 53, 40]",12.81375000000003,False
"[53, 149, 93, 58, 148, 148, 53, 40]",UP_RIGHT,"[54, 149, 93, 59, 148, 148, 54, 41]",12.928550000000032,False
"[53, 149, 94, 58, 148, 147, 52, 40]",UP_RIGHT,"[54, 149, 95, 59, 148, 147, 53, 41]",12.998550000000032,False
"[53, 149, 95, 58, 148, 147, 54, 40]",UP_RIGHT,"[54, 149, 96, 59, 148, 147, 55, 40]",13.068550000000032,False
"[51, 149, 97, 58, 148, 148, 54, 40]",UP_RIGHT,"[52, 149, 99, 59, 148, 148, 55, 41]",13.17445000000003,False
"[52, 149, 99, 58, 148, 148, 54, 39]",UP_RIGHT,"[52, 149, 100, 59, 148, 148, 55, 41]",13.206050000000031,False
"[52, 149, 102, 58, 148, 148, 57, 40]",UP_RIGHT,"[53, 149, 103, 59, 148, 148, 58, 41]",13.297300000000032,False
"[51, 149, 103, 58, 148, 148, 57, 40]",UP_RIGHT,"[53, 149, 104, 59, 148, 148, 58, 40]",13.384450000000031,False
"[52, 149, 104, 58, 148, 148, 57, 39]",UP,"[53, 149, 105, 59, 148, 148, 58, 41]",13.416050000000032,False
"[51, 149, 103, 58, 148, 148, 57, 40]",UP,"[52, 149, 104, 59, 148, 148, 58, 41]",13.524450000000032,False
"[51, 150, 103, 58, 148, 148, 57, 40]",UP,"[52, 150, 104, 60, 148, 148, 57, 41]",13.591950000000033,False
"[52, 149, 102, 58, 148, 148, 57, 39]",UP,"[53, 149, 103, 59, 148, 148, 58, 40]",13.626050000000033,False
"[52, 149, 101, 58, 148, 148, 57, 40]",UP,"[53, 149, 102, 59, 148, 148, 58, 41]",13.717300000000034,False
"[51, 150, 101, 58, 148, 148, 57, 40]",UP,"[52, 150, 102, 58, 148, 148, 59, 41]",13.801950000000033,False
"[51, 149, 100, 58, 148, 148, 57, 39]",UP,"[52, 149, 102, 59, 148, 148, 58, 40]",13.854800000000035,False
"[52, 149, 100, 58, 148, 148, 57, 40]",UP,"[52, 149, 101, 59, 148, 148, 58, 40]",13.927300000000034,False
"[52, 149, 101, 58, 147, 148, 57, 40]",UP,"[53, 149, 102, 59, 147, 148, 59, 41]",13.997300000000035,False
"[51, 149, 100, 57, 148, 148, 57, 40]",UP,"[52, 149, 101, 59, 148, 148, 58, 41]",14.081950000000035,False
"[51, 149, 97, 57, 148, 148, 56, 40]",UP,"[53, 149, 100, 58, 148, 148, 57, 41]",14.151950000000035,False
"[52, 149, 96, 57, 148, 148, 58, 39]",UP,"[53, 149, 97, 58, 148, 148, 59, 41]",14.183550000000036,False
"[52, 149, 97, 57, 147, 148, 57, 40]",UP,"[53, 149, 98, 58, 147, 148, 58, 41]",14.274800000000036,False
"[52, 149, 98, 58, 148, 148, 56, 40]",UP,"[53, 149, 99, 58, 148, 148, 57, 41]",14.347300000000036,False
"[53, 149, 97, 57, 148, 148, 58, 40]",UP,"[54, 149, 98, 58, 148, 148, 59, 40]",14.396050000000034,False
"[52, 149, 96, 57, 148, 147, 57, 40]",UP,"[53, 149, 97, 58, 148, 147, 58, 42]",14.484800000000035,False
"[52, 150, 95, 56, 148, 148, 56, 40]",UP,"[53, 150, 96, 58, 148, 148, 57, 41]",14.549800000000033,False
"[52, 149, 95, 56, 148, 148, 57, 40]",UP,"[53, 149, 96, 57, 148, 148, 58, 41]",14.622300000000031,False
"[52, 149, 95, 57, 148, 147, 56, 40]",UP,"[53, 149, 96, 58, 148, 147, 57, 42]",14.694800000000031,False
"[53, 150, 96, 57, 147, 148, 55, 41]",UP,"[54, 150, 96, 58, 147, 148, 56, 42]",14.76480000000003,False
"[52, 149, 95, 57, 148, 148, 56, 41]",UP,"[53, 149, 96, 57, 148, 148, 57, 42]",14.854450000000028,False
"[52, 149, 95, 57, 148, 148, 55, 40]",UP,"[54, 149, 96, 58, 148, 148, 56, 41]",14.904800000000028,False
"[53, 149, 94, 57, 148, 148, 54, 41]",UP,"[54, 149, 95, 58, 148, 148, 55, 41]",14.977300000000026,False
"[53, 149, 93, 57, 147, 148, 55, 41]",UP,"[54, 149, 94, 58, 147, 148, 56, 42]",15.047300000000025,False
"[53, 149, 93, 56, 148, 148, 55, 41]",UP,"[54, 149, 95, 58, 148, 148, 56, 42]",15.114800000000024,False
"[53, 149, 94, 56, 148, 148, 54, 41]",UP,"[54, 149, 95, 57, 148, 148, 55, 42]",15.184800000000024,False
"[54, 149, 94, 57, 148, 148, 55, 40]",UP,"[55, 149, 95, 58, 148, 148, 56, 42]",15.215700000000021,False
"[54, 149, 92, 56, 148, 148, 55, 41]",UP,"[55, 149, 93, 58, 148, 148, 56, 42]",15.30605000000002,False
"[53, 150, 92, 56, 148, 148, 54, 41]",UP,"[55, 150, 93, 57, 148, 148, 55, 42]",15.392300000000018,False
"[54, 149, 92, 57, 148, 147, 54, 40]",UP,"[55, 149, 93, 58, 148, 147, 55, 42]",15.425700000000017,False
"[54, 149, 91, 57, 148, 148, 55, 41]",UP,"[55, 149, 92, 58, 148, 148, 56, 42]",15.518550000000019,False
"[54, 149, 91, 58, 148, 148, 54, 41]",UP,"[55, 149, 92, 58, 148, 148, 56, 42]",15.591050000000015,False
"[54, 149, 92, 57, 148, 147, 54, 41]",UP,"[56, 149, 93, 58, 148, 147, 55, 42]",15.658550000000016,False
"[55, 150, 92, 57, 148, 148, 54, 40]",UP,"[56, 150, 93, 58, 148, 148, 55, 41]",15.681250000000013,False
"[55, 149, 91, 57, 147, 148, 56, 41]",UP,"[56, 149, 92, 58, 147, 148, 57, 42]",15.778200000000012,False
"[54, 149, 90, 58, 148, 148, 55, 41]",UP,"[56, 149, 91, 59, 148, 148, 56, 42]",15.871050000000013,False
"[55, 149, 91, 57, 148, 148, 57, 41]",UP,"[56, 149, 92, 58, 148, 148, 57, 42]",15.91820000000001,False
"[55, 149, 91, 57, 148, 148, 56, 42]",UP,"[56, 149, 92, 58, 148, 148, 57, 43]",16.011050000000008,False
"[55, 149, 90, 57, 148, 148, 55, 41]",UP,"[56, 149, 91, 57, 148, 148, 56, 42]",16.058200000000006,False
"[55, 150, 90, 57, 148, 148, 57, 41]",UP,"[56, 150, 91, 58, 148, 148, 57, 42]",16.125700000000005,False
"[55, 149, 89, 56, 148, 148, 56, 40]",UP,"[56, 149, 90, 57, 148, 148, 57, 41]",16.171250000000004,False
"[55, 149, 89, 57, 148, 148, 55, 40]",UP,"[56, 149, 90, 58, 148, 148, 56, 41]",16.243750000000006,False
"[55, 150, 90, 57, 147, 148, 56, 41]",UP,"[56, 150, 91, 58, 147, 148, 56, 42]",16.335700000000003,False
"[55, 149, 90, 56, 148, 148, 56, 40]",UP,"[57, 149, 90, 57, 148, 148, 57, 41]",16.38125,False
"[56, 149, 89, 56, 148, 148, 55, 40]",UP,"[57, 149, 90, 57, 148, 148, 56, 41]",16.427699999999998,False
"[56, 149, 88, 56, 147, 148, 56, 41]",UP,"[57, 149, 89, 57, 147, 148, 56, 42]",16.52375,False
"[55, 149, 88, 57, 148, 148, 55, 41]",UP,"[56, 149, 90, 57, 148, 148, 56, 42]",16.618199999999998,False
"[56, 149, 89, 56, 148, 148, 55, 40]",UP,"[57, 149, 90, 57, 148, 148, 56, 41]",16.637699999999995,False
"[56, 149, 89, 56, 148, 148, 55, 41]",UP,"[57, 149, 90, 57, 148, 148, 56, 41]",16.733749999999997,False
"[56, 149, 88, 57, 148, 148, 55, 41]",UP,"[57, 149, 89, 58, 148, 148, 56, 42]",16.80624999999999,False
"[56, 149, 88, 56, 148, 148, 54, 40]",UP,"[58, 149, 89, 58, 148, 148, 55, 41]",16.847699999999993,False
"[57, 149, 87, 56, 148, 148, 55, 40]",UP,"[58, 149, 89, 57, 148, 148, 55, 41]",16.892549999999993,False
"[56, 149, 88, 57, 148, 147, 54, 40]",UP,"[57, 149, 89, 58, 148, 147, 55, 42]",16.99019999999999,False
"[56, 150, 88, 56, 148, 148, 53, 41]",UP,"[57, 150, 89, 57, 148, 148, 54, 42]",17.08124999999999,False
"[57, 149, 87, 56, 148, 148, 54, 41]",UP,"[58, 149, 87, 57, 148, 148, 55, 42]",17.130199999999988,False
"[57, 149, 87, 57, 148, 148, 54, 41]",UP,"[58, 149, 88, 58, 148, 148, 55, 42]",17.20269999999999,False
"[56, 149, 87, 57, 148, 148, 53, 41]",UP,"[57, 149, 88, 58, 148, 148, 54, 42]",17.296249999999986,False
"[56, 149, 87, 57, 147, 148, 54, 41]",UP,"[57, 149, 87, 58, 147, 148, 55, 42]",17.366249999999983,False
"[57, 149, 87, 56, 148, 148, 53, 41]",UP,"[58, 149, 88, 58, 148, 148, 54, 42]",17.410199999999985,False
"[56, 149, 87, 56, 148, 148, 53, 40]",UP,"[57, 149, 88, 57, 148, 148, 54, 41]",17.47769999999998,False
"[56, 149, 86, 57, 148, 148, 53, 40]",UP,"[57, 149, 87, 58, 148, 148, 54, 42]",17.550199999999982,False
"[56, 149, 87, 56, 148, 148, 53, 41]",UP,"[58, 149, 88, 58, 148, 148, 54, 42]",17.64374999999998,False
"[56, 150, 84, 56, 148, 148, 54, 41]",UP,"[57, 150, 87, 57, 148, 148, 54, 42]",17.71124999999998,False
"[56, 149, 84, 57, 148, 147, 53, 42]",UP,"[57, 149, 85, 58, 148, 147, 54, 43]",17.810699999999983,False
"[56, 149, 84, 57, 148, 148, 52, 41]",UP,"[57, 149, 86, 58, 148, 148, 53, 42]",17.856249999999974,False
"[57, 149, 84, 58, 148, 148, 53, 41]",UP,"[58, 149, 85, 58, 148, 148, 54, 42]",17.905199999999976,False
"[57, 149, 84, 57, 148, 147, 54, 41]",UP,"[58, 149, 85, 58, 148, 147, 55, 42]",17.972699999999975,False
"[56, 149, 84, 57, 148, 148, 53, 40]",UP,"[57, 149, 85, 58, 148, 148, 54, 41]",18.040199999999974,False
"[56, 149, 84, 57, 147, 148, 53, 41]",UP,"[57, 149, 85, 58, 147, 148, 53, 42]",18.136249999999972,False
"[57, 149, 85, 58, 148, 148, 53, 41]",UP,"[57, 149, 86, 59, 148, 148, 54, 42]",18.18519999999997,False
"[57, 149, 84, 57, 148, 148, 53, 41]",UP,"[58, 149, 85, 58, 148, 148, 54, 43]",18.252699999999972,False
"[57, 149, 83, 57, 148, 148, 53, 40]",UP,"[58, 149, 84, 58, 148, 148, 53, 42]",18.295049999999968,False
"[57, 149, 84, 58, 148, 148, 53, 41]",UP,"[59, 149, 85, 148, 148, 148, 54, 42]",18.395199999999967,False
"[56, 150, 85, 57, 148, 148, 52, 41]",UP,"[58, 150, 85, 148, 148, 148, 53, 42]",18.48374999999997,False
"[57, 149, 84, 57, 148, 148, 52, 40]",UP,"[58, 149, 85, 148, 148, 148, 53, 41]",18.505049999999965,False
"[57, 149, 83, 57, 148, 147, 52, 40]",UP,"[58, 149, 84, 148, 148, 147, 53, 41]",18.575049999999965,False
"[58, 150, 83, 149, 148, 148, 52, 40]",UP,"[58, 150, 85, 149, 148, 148, 53, 41]",18.67829999999996,False
"[58, 149, 83, 148, 148, 148, 52, 39]",UP,"[59, 149, 84, 148, 148, 148, 52, 40]",18.722449999999963,False
"[58, 149, 84, 148, 148, 148, 51, 39]",UP,"[59, 149, 85, 148, 148, 148, 52, 39]",18.794949999999965,False
"[57, 149, 83, 149, 147, 148, 52, 39]",UP,"[58, 149, 84, 149, 147, 148, 53, 41]",18.88579999999996,False
"[57, 149, 85, 148, 147, 148, 52, 39]",UP_RIGHT,"[58, 149, 86, 148, 147, 148, 53, 40]",18.96329999999996,False
"[56, 149, 85, 148, 148, 147, 53, 40]",UP_RIGHT,"[57, 149, 86, 148, 148, 147, 53, 41]",19.090199999999957,False
"[55, 149, 87, 149, 147, 148, 53, 39]",UP_RIGHT,"[56, 149, 88, 149, 147, 148, 54, 40]",19.157699999999956,False
"[55, 149, 90, 148, 147, 148, 53, 40]",UP_RIGHT,"[56, 149, 91, 148, 147, 148, 54, 41]",19.263749999999956,False
"[54, 149, 90, 149, 148, 148, 54, 39]",UP_RIGHT,"[55, 149, 91, 149, 148, 148, 55, 40]",19.331249999999955,False
"[54, 150, 92, 148, 147, 148, 55, 40]",UP_RIGHT,"[55, 150, 93, 148, 147, 148, 56, 41]",19.428199999999958,False
"[53, 149, 93, 148, 148, 148, 55, 41]",UP_RIGHT,"[54, 149, 95, 148, 148, 148, 56, 41]",19.547299999999954,False
"[52, 150, 95, 149, 148, 148, 56, 41]",UP_RIGHT,"[54, 150, 96, 149, 148, 148, 57, 42]",19.63444999999995,False
"[52, 149, 97, 148, 148, 148, 59, 41]",UP_RIGHT,"[52, 149, 98, 148, 148, 148, 60, 42]",19.714449999999953,False
"[52, 149, 98, 148, 148, 148, 60, 40]",UP_RIGHT,"[53, 149, 102, 148, 148, 148, 61, 42]",19.76729999999995,False
"[51, 150, 102, 148, 148, 147, 60, 41]",UP_RIGHT,"[52, 150, 103, 148, 148, 147, 61, 42]",19.87999999999995,False
"[51, 149, 105, 148, 148, 148, 60, 40]",UP_RIGHT,"[52, 149, 106, 148, 148, 148, 61, 42]",19.941949999999945,False
"[50, 148, 107, 148, 148, 148, 61, 42]",UP_RIGHT,"[51, 149, 108, 148, 148, 148, 62, 42]",22.066299999999945,False
"[50, 143, 110, 149, 147, 148, 63, 41]",UP_RIGHT,"[51, 145, 111, 149, 147, 148, 64, 42]",22.136449999999947,False
"[51, 141, 113, 149, 148, 148, 64, 40]",UP_RIGHT,"[52, 142, 114, 149, 148, 148, 65, 42]",20.189449999999944,False
"[50, 137, 114, 148, 148, 148, 65, 40]",UP_RIGHT,"[51, 138, 115, 148, 148, 148, 66, 42]",20.289999999999942,False
"[49, 135, 119, 148, 148, 148, 66, 41]",UP_RIGHT,"[50, 136, 120, 148, 148, 148, 67, 41]",22.40629999999994,False
"[50, 136, 118, 149, 148, 148, 66, 40]",UP,"[51, 137, 119, 149, 148, 148, 67, 42]",20.43999999999994,False
"[50, 137, 116, 148, 148, 148, 65, 41]",UP,"[51, 138, 117, 148, 148, 148, 66, 42]",22.52144999999994,False
"[51, 138, 116, 148, 148, 148, 66, 42]",UP,"[52, 138, 117, 148, 148, 148, 67, 42]",22.591449999999938,False
"[51, 138, 117, 149, 148, 148, 66, 41]",UP,"[52, 139, 118, 149, 148, 148, 67, 42]",20.64499999999994,False
"[51, 139, 114, 148, 148, 148, 66, 41]",UP,"[52, 140, 115, 148, 148, 148, 67, 42]",20.707499999999936,False
"[51, 140, 114, 149, 148, 148, 67, 41]",UP,"[52, 140, 115, 149, 148, 148, 68, 43]",20.772499999999933,False
"[51, 140, 115, 148, 148, 148, 67, 41]",UP,"[52, 141, 116, 148, 148, 148, 68, 43]",20.847499999999936,False
"[52, 141, 113, 148, 148, 147, 66, 42]",UP,"[53, 142, 114, 148, 148, 147, 67, 43]",20.91249999999993,False
"[52, 142, 112, 148, 147, 148, 67, 42]",UP,"[53, 143, 113, 148, 147, 148, 68, 42]",20.974999999999934,False
"[51, 142, 112, 148, 148, 148, 67, 42]",UP,"[52, 143, 113, 148, 148, 148, 68, 44]",23.061449999999933,False
"[52, 143, 111, 149, 148, 148, 67, 43]",UP,"[53, 144, 112, 149, 148, 148, 68, 44]",23.12644999999993,False
"[52, 144, 110, 148, 148, 148, 67, 42]",UP,"[53, 145, 111, 148, 148, 148, 68, 44]",21.17749999999993,False
"[52, 145, 107, 149, 148, 148, 66, 43]",UP,"[53, 145, 108, 149, 148, 148, 67, 44]",23.251449999999927,False
"[52, 145, 108, 148, 148, 148, 67, 43]",UP,"[53, 146, 108, 148, 148, 148, 68, 43]",23.326449999999927,False
"[52, 146, 107, 148, 148, 147, 66, 43]",UP,"[53, 147, 108, 148, 148, 147, 67, 44]",23.391449999999928,False
"[53, 147, 106, 149, 148, 148, 67, 43]",UP,"[54, 147, 107, 149, 148, 148, 69, 45]",21.439999999999923,False
"[52, 147, 106, 149, 148, 148, 67, 42]",UP,"[53, 148, 107, 149, 148, 148, 68, 44]",21.507499999999922,False
"[53, 148, 106, 149, 148, 148, 67, 43]",UP,"[54, 149, 107, 149, 148, 148, 68, 44]",21.57749999999992,False
"[52, 149, 104, 148, 147, 148, 68, 43]",UP,"[53, 149, 105, 148, 148, 148, 69, 45]",23.65394999999992,False
"[51, 149, 105, 148, 147, 147, 67, 43]",UP,"[52, 149, 106, 148, 148, 147, 68, 44]",23.74129999999992,False
"[52, 149, 104, 148, 146, 148, 68, 43]",UP,"[53, 149, 105, 148, 148, 148, 69, 45]",23.79144999999992,False
"[52, 149, 102, 148, 146, 147, 68, 44]",UP,"[53, 149, 103, 148, 147, 147, 69, 45]",23.873799999999918,False
"[53, 149, 103, 149, 146, 148, 68, 43]",UP,"[54, 149, 104, 149, 147, 148, 69, 44]",21.912499999999916,False
"[52, 149, 103, 149, 145, 148, 68, 44]",UP,"[53, 149, 104, 149, 146, 148, 69, 44]",24.008799999999916,False
"[53, 149, 101, 148, 145, 147, 67, 44]",UP,"[54, 149, 102, 148, 146, 147, 68, 45]",24.066449999999914,False
"[53, 149, 101, 148, 144, 148, 68, 43]",UP,"[54, 149, 102, 148, 145, 148, 69, 45]",22.114999999999913,False
"[52, 149, 101, 148, 144, 147, 67, 44]",UP,"[54, 149, 102, 148, 145, 147, 68, 45]",24.21629999999991,False
"[53, 149, 100, 148, 144, 148, 67, 43]",UP,"[54, 149, 101, 148, 145, 148, 68, 45]",22.25249999999991,False
"[53, 149, 101, 148, 143, 147, 69, 44]",UP,"[54, 149, 102, 148, 144, 147, 70, 45]",24.34144999999991,False
"[54, 149, 100, 149, 143, 148, 69, 43]",UP,"[55, 149, 101, 149, 144, 148, 70, 44]",22.37194999999991,False
"[53, 149, 99, 149, 142, 147, 69, 44]",UP,"[54, 149, 100, 149, 143, 147, 70, 44]",24.471449999999905,False
"[54, 149, 100, 148, 142, 148, 70, 44]",UP,"[55, 149, 101, 148, 143, 148, 71, 45]",22.529999999999905,False
"[54, 149, 98, 148, 141, 148, 70, 43]",UP,"[55, 149, 99, 148, 143, 148, 71, 45]",22.574449999999903,False
"[54, 149, 96, 148, 141, 148, 70, 43]",UP,"[55, 149, 97, 148, 142, 148, 71, 45]",22.639449999999904,False
"[55, 149, 96, 149, 141, 148, 71, 44]",UP,"[56, 149, 97, 149, 142, 148, 72, 45]",22.709449999999904,False
"[55, 149, 97, 149, 140, 148, 70, 44]",UP,"[56, 149, 98, 149, 141, 148, 71, 45]",22.7794499999999,False
"[56, 149, 94, 148, 140, 148, 71, 44]",UP,"[57, 149, 95, 148, 141, 148, 72, 45]",22.8272999999999,False
"[56, 149, 95, 149, 139, 148, 70, 44]",UP,"[57, 149, 96, 149, 140, 148, 71, 46]",22.894799999999897,False
"[56, 149, 95, 148, 139, 148, 70, 45]",UP,"[57, 149, 96, 148, 140, 148, 72, 46]",22.986949999999897,False
"[57, 149, 94, 149, 140, 148, 70, 45]",UP,"[58, 149, 95, 149, 141, 148, 71, 47]",23.0372999999999,False
"[56, 149, 95, 148, 139, 148, 70, 45]",UP,"[57, 149, 96, 148, 140, 148, 71, 46]",23.126949999999894,False
"[57, 149, 94, 148, 139, 148, 70, 45]",UP,"[58, 149, 95, 148, 140, 148, 71, 47]",23.177299999999896,False
"[57, 149, 93, 149, 138, 148, 69, 46]",UP,"[58, 149, 94, 149, 139, 148, 70, 47]",23.25944999999989,False
"[56, 149, 93, 148, 138, 148, 70, 46]",UP,"[58, 149, 94, 148, 139, 148, 71, 46]",23.347499999999894,False
"[57, 149, 92, 149, 138, 148, 69, 46]",UP,"[58, 149, 93, 149, 139, 148, 70, 46]",23.396949999999894,False
"[57, 149, 92, 148, 137, 148, 71, 46]",UP,"[58, 149, 93, 148, 138, 148, 72, 46]",23.46694999999989,False
"[58, 150, 93, 149, 137, 148, 70, 47]",UP,"[59, 150, 94, 149, 138, 148, 71, 48]",23.53694999999989,False
"[57, 149, 93, 148, 136, 148, 69, 46]",UP,"[58, 149, 94, 148, 137, 148, 70, 47]",23.606949999999888,False
"[58, 149, 93, 148, 136, 148, 70, 47]",UP,"[59, 149, 94, 148, 137, 148, 71, 47]",23.679449999999886,False
"[58, 149, 92, 149, 135, 148, 69, 46]",UP,"[59, 149, 93, 149, 136, 148, 70, 47]",23.722299999999887,False
"[58, 149, 91, 148, 135, 148, 70, 46]",UP,"[59, 149, 92, 148, 136, 148, 71, 46]",23.792299999999884,False
"[58, 150, 92, 149, 135, 148, 70, 46]",UP,"[59, 150, 93, 149, 136, 148, 71, 46]",23.859799999999883,False
"[57, 149, 92, 149, 134, 148, 70, 47]",UP_RIGHT,"[58, 149, 93, 149, 135, 148, 71, 48]",23.96499999999988,False
"[56, 149, 96, 148, 133, 148, 72, 46]",UP_RIGHT,"[57, 149, 97, 148, 134, 148, 73, 47]",24.04249999999988,False
"[56, 149, 97, 148, 133, 148, 74, 47]",UP_RIGHT,"[57, 149, 98, 148, 134, 148, 75, 49]",26.13144999999988,False
"[56, 149, 98, 148, 132, 148, 74, 47]",UP_RIGHT,"[57, 149, 99, 148, 133, 148, 75, 48]",26.201449999999877,False
"[55, 150, 100, 148, 130, 148, 76, 47]",UP_RIGHT,"[56, 150, 101, 148, 131, 148, 77, 48]",26.281299999999877,False
"[55, 150, 103, 148, 130, 148, 79, 48]",UP_RIGHT,"[56, 150, 104, 148, 131, 148, 80, 48]",26.372049999999877,False
"[55, 145, 106, 149, 129, 148, 80, 47]",UP_RIGHT,"[56, 147, 107, 149, 130, 148, 81, 49]",26.443799999999875,False
"[55, 142, 108, 149, 129, 148, 81, 47]",UP_RIGHT,"[56, 143, 109, 149, 130, 148, 82, 49]",26.526299999999875,False
"[55, 139, 110, 148, 128, 148, 81, 47]",UP_RIGHT,"[56, 140, 111, 148, 129, 148, 82, 49]",26.608799999999874,False
"[55, 136, 115, 148, 127, 148, 85, 49]",UP_RIGHT,"[56, 137, 116, 148, 128, 148, 86, 49]",26.721199999999875,False
"[54, 134, 121, 148, 127, 148, 87, 49]",UP_RIGHT,"[55, 135, 122, 148, 128, 148, 88, 49]",26.818749999999866,False
"[54, 131, 124, 148, 126, 148, 88, 49]",UP_RIGHT,"[55, 132, 125, 148, 127, 148, 89, 49]",26.90124999999987,False
"[54, 129, 129, 148, 126, 148, 89, 49]",UP_RIGHT,"[55, 130, 130, 148, 127, 148, 90, 51]",26.988749999999868,False
"[54, 127, 132, 148, 126, 148, 92, 49]",UP_RIGHT,"[55, 127, 135, 148, 127, 148, 93, 51]",27.05874999999987,False
"[54, 122, 143, 149, 124, 148, 94, 49]",UP_RIGHT,"[55, 124, 144, 149, 125, 148, 95, 50]",27.12124999999987,False
"[53, 120, 149, 149, 124, 148, 96, 50]",UP_RIGHT,"[54, 121, 149, 149, 125, 148, 97, 52]",27.204049999999864,False
"[52, 118, 149, 149, 123, 148, 98, 50]",UP_RIGHT,"[53, 119, 149, 149, 124, 148, 99, 52]",27.274299999999865,False
"[53, 119, 149, 149, 123, 148, 98, 52]",UP,"[54, 121, 149, 149, 124, 148, 99, 52]",27.350449999999864,False
"[53, 120, 149, 149, 122, 148, 98, 52]",UP,"[54, 121, 149, 149, 123, 148, 99, 53]",27.417949999999863,False
"[54, 121, 149, 149, 122, 147, 98, 51]",UP,"[55, 121, 149, 149, 123, 147, 99, 53]",27.48404999999986,False
"[53, 121, 149, 149, 121, 148, 98, 53]",UP,"[54, 123, 149, 149, 122, 148, 99, 53]",27.55749999999986,False
"[54, 122, 149, 149, 121, 147, 99, 53]",UP,"[55, 123, 149, 149, 122, 147, 100, 53]",27.630449999999858,False
"[55, 123, 147, 148, 121, 148, 98, 53]",UP,"[55, 123, 149, 148, 122, 148, 99, 53]",27.699299999999862,False
"[55, 123, 140, 148, 121, 147, 99, 52]",UP,"[56, 125, 141, 148, 122, 147, 100, 54]",27.766549999999857,False
"[55, 124, 141, 148, 120, 148, 98, 52]",UP,"[56, 125, 142, 148, 121, 148, 99, 54]",27.831549999999858,False
"[55, 125, 138, 149, 119, 147, 99, 52]",UP,"[56, 126, 139, 149, 120, 147, 100, 54]",27.899049999999853,False
"[56, 125, 135, 148, 119, 148, 98, 52]",UP,"[57, 126, 136, 148, 120, 148, 99, 54]",27.96469999999985,False
"[56, 126, 136, 149, 118, 147, 100, 54]",UP,"[57, 128, 137, 149, 119, 147, 101, 54]",28.044299999999854,False
"[57, 127, 132, 149, 118, 147, 101, 55]",UP,"[58, 128, 133, 149, 119, 148, 102, 56]",28.11679999999985,False
"[57, 128, 130, 149, 117, 146, 101, 55]",UP,"[58, 128, 131, 149, 118, 147, 102, 55]",28.18679999999985,False
"[58, 128, 130, 149, 117, 145, 101, 55]",UP,"[59, 130, 131, 149, 118, 146, 102, 55]",28.256549999999848,False
"[57, 129, 129, 149, 116, 144, 101, 55]",UP,"[58, 130, 130, 149, 117, 145, 102, 55]",28.32929999999985,False
"[58, 130, 126, 149, 116, 144, 102, 55]",UP,"[59, 130, 127, 149, 117, 145, 103, 56]",28.386549999999847,False
"[58, 130, 127, 148, 115, 143, 101, 56]",UP,"[59, 132, 128, 148, 116, 144, 102, 57]",28.466799999999843,False
"[59, 131, 122, 148, 115, 142, 101, 56]",UP,"[60, 132, 123, 148, 116, 143, 102, 56]",28.521549999999845,False
"[59, 132, 119, 148, 114, 142, 100, 56]",UP,"[60, 133, 120, 148, 115, 143, 101, 57]",28.579049999999842,False
"[60, 132, 120, 148, 114, 141, 101, 56]",UP,"[61, 133, 121, 148, 115, 142, 102, 58]",28.64969999999984,False
"[59, 133, 118, 148, 113, 140, 100, 56]",UP,"[60, 135, 119, 148, 114, 140, 101, 57]",28.71654999999984,False
"[60, 134, 116, 148, 113, 140, 101, 56]",UP,"[61, 135, 117, 148, 114, 141, 102, 58]",28.77469999999984,False
"[61, 135, 116, 149, 112, 139, 100, 57]",UP,"[62, 135, 117, 149, 113, 140, 101, 57]",28.84219999999984,False
"[61, 135, 115, 149, 112, 138, 101, 57]",UP,"[62, 137, 116, 149, 113, 139, 102, 58]",28.912199999999835,False
"[61, 136, 115, 149, 111, 137, 101, 57]",UP,"[62, 137, 116, 149, 112, 138, 102, 59]",28.979699999999834,False
"[61, 137, 115, 149, 110, 137, 101, 57]",UP,"[62, 137, 116, 149, 111, 138, 102, 57]",29.044699999999835,False
"[61, 137, 112, 149, 110, 136, 102, 57]",UP,"[62, 139, 115, 149, 111, 137, 103, 59]",29.109699999999833,False
"[61, 138, 113, 149, 109, 135, 101, 57]",UP,"[62, 139, 114, 149, 110, 136, 102, 57]",29.179699999999833,False
"[61, 139, 109, 149, 109, 135, 102, 58]",UP,"[62, 140, 110, 149, 110, 136, 103, 59]",29.24404999999983,False
"[61, 139, 106, 148, 108, 134, 101, 58]",UP,"[62, 140, 107, 148, 109, 135, 102, 60]",29.309049999999832,False
"[62, 140, 107, 148, 108, 133, 102, 58]",UP,"[63, 142, 108, 148, 109, 133, 103, 58]",29.37719999999983,False
"[62, 141, 105, 148, 107, 133, 101, 58]",UP,"[63, 142, 106, 148, 108, 134, 102, 60]",29.43719999999983,False
"[63, 142, 106, 148, 108, 132, 102, 58]",UP,"[64, 142, 107, 148, 109, 133, 103, 58]",29.50624999999983,False
"[62, 142, 104, 149, 107, 131, 101, 59]",UP,"[63, 144, 105, 149, 108, 132, 102, 60]",29.58154999999983,False
"[63, 143, 103, 148, 107, 130, 101, 59]",UP,"[64, 144, 105, 148, 108, 131, 102, 61]",29.647199999999827,False
"[63, 144, 103, 149, 106, 130, 100, 59]",UP,"[64, 144, 104, 149, 107, 131, 102, 59]",29.709699999999824,False
"[64, 144, 101, 147, 106, 129, 101, 59]",UP,"[65, 146, 102, 148, 107, 130, 102, 61]",29.776249999999823,False
"[64, 145, 101, 147, 105, 128, 102, 59]",UP,"[65, 146, 102, 147, 106, 129, 103, 59]",29.843749999999822,False
"[64, 146, 100, 146, 104, 128, 101, 60]",UP,"[65, 147, 101, 147, 105, 129, 102, 61]",29.91719999999982,False
"[65, 146, 99, 146, 104, 127, 102, 60]",UP,"[66, 147, 100, 146, 105, 128, 103, 62]",29.981249999999825,False
"[65, 147, 99, 144, 103, 126, 101, 60]",UP,"[66, 149, 100, 146, 104, 126, 102, 61]",30.053749999999816,False
"[65, 148, 97, 144, 103, 126, 101, 60]",UP,"[66, 149, 98, 145, 104, 127, 102, 62]",30.116249999999816,False
"[65, 149, 97, 143, 102, 125, 100, 61]",UP,"[66, 149, 98, 144, 103, 126, 101, 63]",30.19469999999982,False
"[66, 149, 96, 142, 102, 124, 101, 61]",UP,"[67, 149, 97, 143, 103, 125, 102, 62]",30.26124999999982,False
"[66, 149, 94, 143, 101, 123, 100, 61]",UP,"[67, 149, 95, 143, 102, 124, 101, 63]",30.32374999999982,False
"[66, 149, 95, 142, 101, 123, 100, 61]",UP,"[67, 149, 96, 143, 102, 124, 101, 62]",30.39874999999981,False
"[66, 149, 97, 141, 100, 122, 99, 61]",UP,"[67, 149, 98, 143, 101, 123, 100, 63]",30.476249999999812,False
"[66, 149, 149, 140, 100, 121, 100, 61]",UP,"[67, 149, 149, 142, 101, 122, 101, 62]",30.658749999999813,False
"[66, 149, 149, 140, 99, 121, 100, 62]",UP,"[67, 149, 149, 141, 100, 122, 101, 63]",30.734699999999812,False
"[67, 149, 149, 139, 99, 120, 100, 62]",UP,"[68, 149, 149, 140, 100, 121, 101, 64]",30.80124999999981,False
"[66, 149, 149, 137, 98, 119, 100, 62]",UP,"[67, 149, 149, 138, 99, 119, 101, 63]",30.877199999999807,False
"[67, 150, 149, 137, 98, 119, 100, 62]",UP,"[68, 150, 149, 137, 99, 120, 101, 64]",30.938749999999807,False
"[67, 149, 149, 139, 97, 117, 102, 63]",UP_RIGHT,"[68, 149, 149, 140, 98, 119, 103, 63]",31.022199999999806,False
"[67, 149, 125, 140, 97, 116, 103, 63]",UP_RIGHT,"[68, 149, 134, 140, 98, 117, 104, 65]",31.057199999999803,False
"[67, 147, 99, 141, 96, 115, 103, 64]",UP_RIGHT,"[68, 148, 100, 143, 97, 116, 104, 65]",31.071549999999807,False
"[67, 144, 102, 143, 96, 113, 104, 64]",UP_RIGHT,"[68, 145, 103, 144, 97, 114, 105, 65]",31.156549999999804,False
"[66, 141, 104, 144, 96, 112, 105, 65]",UP_RIGHT,"[67, 142, 105, 144, 97, 113, 106, 65]",31.245449999999803,False
"[66, 139, 108, 145, 95, 112, 105, 64]",UP_RIGHT,"[67, 141, 109, 145, 96, 113, 106, 65]",31.321799999999804,False
"[66, 136, 112, 147, 95, 110, 106, 65]",UP_RIGHT,"[67, 137, 113, 148, 96, 111, 107, 66]",31.4129499999998,False
"[66, 136, 118, 149, 95, 109, 106, 66]",UP_RIGHT,"[67, 136, 119, 149, 96, 110, 107, 68]",31.497499999999796,False
"[66, 132, 122, 149, 94, 108, 106, 67]",UP_RIGHT,"[67, 133, 123, 149, 95, 109, 107, 69]",31.587949999999797,False
"[66, 131, 133, 149, 94, 107, 107, 68]",UP_RIGHT,"[67, 132, 135, 149, 95, 108, 108, 69]",31.684299999999798,False
"[66, 129, 140, 148, 94, 106, 107, 68]",UP_RIGHT,"[67, 131, 143, 148, 94, 107, 108, 69]",31.7567999999998,False
"[66, 125, 150, 149, 92, 104, 107, 68]",UP_RIGHT,"[67, 127, 150, 149, 93, 105, 108, 69]",31.81679999999979,False
"[67, 123, 149, 149, 92, 102, 108, 70]",UP_RIGHT,"[68, 124, 149, 149, 93, 104, 109, 70]",31.886549999999794,False
"[66, 121, 149, 148, 92, 102, 108, 71]",UP_RIGHT,"[67, 123, 149, 148, 93, 103, 109, 72]",31.94374999999979,False
"[67, 120, 149, 148, 91, 100, 109, 71]",UP_RIGHT,"[68, 121, 149, 148, 93, 102, 110, 72]",32.0171999999998,False
"[68, 120, 149, 149, 91, 99, 109, 71]",UP_RIGHT,"[69, 121, 149, 149, 92, 100, 110, 72]",32.09404999999979,False
"[68, 119, 149, 148, 91, 98, 109, 72]",UP_RIGHT,"[69, 120, 149, 148, 92, 99, 110, 74]",32.15969999999979,False
"[68, 117, 149, 149, 91, 96, 109, 73]",UP_RIGHT,"[69, 119, 149, 149, 92, 97, 110, 74]",32.22374999999979,False
"[68, 116, 149, 149, 91, 96, 109, 74]",UP_RIGHT,"[69, 117, 149, 149, 92, 97, 110, 75]",32.28619999999978,False
"[68, 113, 149, 148, 90, 95, 110, 74]",UP_RIGHT,"[69, 114, 149, 148, 91, 96, 111, 76]",32.351199999999785,False
"[68, 112, 149, 149, 90, 94, 109, 75]",UP_RIGHT,"[69, 113, 149, 149, 91, 94, 110, 76]",32.414549999999785,False
"[68, 113, 149, 148, 90, 93, 108, 75]",UP,"[68, 113, 149, 148, 90, 94, 109, 77]",32.487049999999776,False
"[68, 113, 149, 148, 89, 92, 108, 75]",UP,"[69, 114, 149, 148, 90, 93, 109, 76]",32.55454999999978,False
"[69, 114, 149, 149, 88, 91, 108, 76]",UP,"[70, 115, 149, 149, 89, 91, 109, 77]",32.62454999999978,False
"[69, 115, 149, 149, 87, 91, 108, 76]",UP,"[71, 116, 149, 149, 89, 92, 109, 77]",32.69204999999978,False
"[70, 115, 150, 148, 87, 90, 106, 76]",UP,"[71, 116, 150, 148, 88, 91, 107, 78]",32.776199999999776,False
"[70, 116, 149, 149, 86, 89, 106, 76]",UP,"[71, 117, 149, 149, 87, 90, 107, 77]",32.846199999999776,False
"[71, 117, 149, 149, 85, 89, 106, 78]",UP,"[72, 118, 149, 149, 86, 90, 107, 79]",32.90704999999977,False
"[70, 117, 149, 149, 85, 88, 105, 78]",UP,"[71, 118, 149, 149, 86, 89, 106, 79]",32.96629999999978,False
"[71, 118, 149, 149, 84, 87, 105, 79]",UP,"[72, 119, 149, 149, 85, 88, 106, 80]",33.03629999999978,False
"[72, 119, 149, 149, 83, 87, 104, 79]",UP,"[73, 120, 149, 149, 84, 87, 106, 81]",33.119549999999776,False
"[72, 120, 149, 149, 82, 86, 104, 79]",UP,"[73, 120, 149, 149, 84, 87, 105, 80]",33.187049999999765,False
"[73, 120, 149, 149, 82, 85, 103, 80]",UP,"[74, 121, 149, 149, 83, 86, 104, 81]",33.26204999999977,False
"[72, 121, 149, 149, 81, 84, 103, 81]",UP,"[73, 122, 149, 149, 82, 84, 104, 82]",33.30394999999977,False
"[73, 122, 149, 149, 81, 84, 102, 80]",UP,"[74, 123, 149, 149, 81, 85, 103, 82]",33.40204999999977,False
"[73, 122, 149, 149, 80, 83, 102, 80]",UP,"[74, 123, 149, 149, 81, 84, 103, 81]",33.46954999999977,False
"[73, 123, 150, 148, 80, 82, 101, 80]",UP,"[75, 124, 150, 148, 81, 83, 102, 81]",33.539549999999764,False
"[74, 124, 149, 149, 80, 82, 100, 80]",UP,"[75, 125, 149, 149, 81, 83, 102, 82]",33.62619999999977,False
"[75, 124, 149, 149, 79, 81, 100, 80]",UP,"[76, 125, 149, 149, 80, 82, 101, 81]",33.70374999999976,False
"[75, 123, 149, 148, 79, 79, 99, 81]",UP_RIGHT,"[76, 124, 149, 148, 80, 81, 100, 83]",33.76869999999976,False
"[75, 122, 149, 149, 79, 78, 98, 82]",UP_RIGHT,"[76, 123, 149, 149, 79, 80, 100, 83]",33.82954999999976,False
"[75, 121, 149, 149, 77, 77, 98, 83]",UP_RIGHT,"[76, 122, 149, 149, 78, 79, 99, 84]",33.88629999999976,False
"[75, 120, 150, 149, 77, 76, 97, 84]",UP_RIGHT,"[76, 121, 150, 149, 78, 77, 98, 85]",33.94144999999976,False
"[76, 119, 150, 148, 77, 75, 96, 84]",UP_RIGHT,"[78, 120, 150, 148, 77, 76, 97, 85]",34.02629999999976,False
"[76, 117, 149, 149, 77, 74, 96, 85]",UP_RIGHT,"[78, 118, 149, 149, 77, 75, 97, 85]",34.08394999999975,False
"[76, 116, 149, 149, 76, 73, 95, 86]",UP_RIGHT,"[78, 117, 149, 149, 77, 74, 96, 87]",32.13999999999975,False
"[77, 114, 149, 149, 76, 72, 94, 86]",UP_RIGHT,"[78, 115, 149, 149, 77, 73, 95, 87]",34.22644999999975,False
"[77, 114, 149, 149, 75, 71, 93, 86]",UP_RIGHT,"[78, 114, 149, 149, 76, 72, 95, 87]",34.29644999999975,False
"[77, 113, 150, 149, 75, 70, 93, 87]",UP_RIGHT,"[78, 114, 150, 149, 77, 71, 94, 88]",32.34749999999975,False
"[77, 113, 150, 149, 75, 69, 92, 88]",UP_RIGHT,"[79, 114, 150, 149, 76, 70, 93, 89]",32.40194999999975,False
"[78, 112, 149, 149, 76, 68, 90, 89]",UP_RIGHT,"[79, 113, 149, 149, 76, 69, 92, 90]",32.47944999999975,False
"[78, 113, 149, 149, 75, 67, 90, 90]",UP_RIGHT,"[79, 114, 149, 149, 76, 68, 91, 91]",32.529799999999746,False
"[80, 112, 149, 149, 75, 66, 89, 90]",UP_RIGHT,"[80, 113, 149, 149, 76, 67, 91, 92]",32.63499999999975,False
"[80, 110, 150, 149, 75, 65, 88, 91]",UP_RIGHT,"[81, 111, 150, 149, 75, 66, 89, 92]",32.681949999999745,False
"[80, 110, 149, 149, 75, 64, 87, 91]",UP_RIGHT,"[81, 111, 149, 149, 75, 66, 88, 92]",32.751949999999745,False
"[81, 109, 149, 149, 75, 64, 85, 91]",UP_RIGHT,"[82, 110, 149, 149, 76, 65, 87, 92]",32.83999999999974,False
"[81, 108, 149, 149, 75, 63, 84, 91]",UP_RIGHT,"[82, 109, 149, 149, 76, 64, 85, 92]",32.90749999999974,False
"[80, 108, 149, 149, 74, 62, 83, 92]",UP_RIGHT,"[81, 109, 149, 149, 76, 63, 84, 93]",32.93729999999974,False
"[82, 108, 149, 149, 74, 61, 82, 92]",UP_RIGHT,"[83, 109, 149, 149, 76, 62, 82, 93]",33.042499999999734,False
"[83, 107, 149, 149, 75, 60, 81, 92]",UP_RIGHT,"[83, 108, 149, 149, 75, 61, 82, 93]",35.126449999999735,False
"[83, 106, 149, 149, 75, 60, 80, 93]",UP_RIGHT,"[84, 107, 149, 149, 75, 61, 82, 94]",33.17999999999974,False
"[82, 106, 149, 149, 73, 59, 79, 93]",UP_RIGHT,"[83, 107, 149, 149, 74, 60, 80, 94]",33.22944999999974,False
"[84, 105, 149, 149, 73, 58, 78, 93]",UP_RIGHT,"[84, 106, 149, 149, 74, 59, 80, 94]",35.331449999999734,False
"[85, 106, 149, 149, 72, 57, 76, 93]",UP_RIGHT,"[86, 107, 149, 149, 73, 58, 78, 94]",35.41379999999973,False
"[84, 105, 150, 149, 73, 57, 75, 93]",UP_RIGHT,"[86, 106, 150, 149, 73, 58, 76, 94]",35.46644999999973,False
"[85, 104, 149, 149, 73, 56, 73, 93]",UP_RIGHT,"[85, 105, 149, 149, 73, 57, 74, 94]",35.551299999999735,False
"[85, 104, 149, 149, 73, 55, 73, 93]",UP_RIGHT,"[87, 105, 149, 149, 74, 56, 74, 94]",35.61879999999973,False
"[86, 105, 149, 149, 73, 54, 72, 93]",UP_RIGHT,"[86, 106, 149, 149, 73, 55, 73, 94]",35.699549999999725,False
"[87, 104, 150, 149, 73, 54, 70, 93]",UP_RIGHT,"[88, 105, 150, 149, 73, 55, 71, 94]",35.77869999999972,False
"[87, 104, 149, 149, 73, 53, 69, 93]",UP_RIGHT,"[87, 105, 149, 149, 74, 54, 70, 94]",35.848699999999724,False
"[89, 104, 149, 149, 73, 52, 68, 93]",UP_RIGHT,"[90, 105, 149, 149, 75, 53, 69, 94]",35.93469999999972,False
"[89, 104, 149, 149, 73, 52, 67, 92]",UP_RIGHT,"[91, 105, 149, 149, 75, 53, 68, 93]",36.01154999999972,False
"[90, 104, 150, 149, 74, 51, 65, 92]",UP_RIGHT,"[92, 105, 150, 149, 75, 52, 65, 93]",36.081799999999724,False
"[90, 104, 149, 149, 73, 50, 64, 92]",UP_RIGHT,"[92, 105, 149, 149, 75, 51, 65, 93]",36.151799999999724,False
"[91, 105, 149, 149, 73, 50, 62, 92]",UP_RIGHT,"[92, 106, 149, 149, 75, 51, 63, 93]",36.225449999999725,False
"[92, 105, 149, 149, 74, 49, 61, 91]",UP_RIGHT,"[92, 106, 149, 149, 75, 50, 62, 92]",36.29544999999972,False
"[92, 105, 149, 149, 74, 48, 60, 90]",UP_RIGHT,"[93, 106, 149, 149, 75, 49, 61, 91]",36.361799999999725,False
"[92, 104, 149, 149, 74, 48, 59, 89]",UP_RIGHT,"[94, 105, 149, 149, 74, 49, 60, 90]",36.42904999999971,False
"[94, 104, 149, 149, 73, 47, 57, 89]",UP_RIGHT,"[95, 105, 149, 149, 75, 48, 58, 90]",36.486249999999714,False
"[94, 103, 149, 149, 73, 47, 56, 87]",UP_RIGHT,"[95, 104, 149, 149, 74, 48, 57, 88]",36.539549999999714,False
"[95, 104, 149, 149, 73, 46, 55, 86]",UP_RIGHT,"[95, 105, 149, 149, 74, 47, 56, 87]",36.58394999999972,False
"[95, 104, 149, 149, 73, 46, 54, 86]",UP_RIGHT,"[96, 105, 149, 149, 75, 47, 55, 87]",36.65394999999971,False
"[96, 104, 149, 149, 74, 45, 52, 85]",UP_RIGHT,"[96, 105, 149, 149, 75, 46, 54, 86]",34.69194999999971,False
"[96, 104, 150, 149, 74, 44, 51, 84]",UP_RIGHT,"[97, 105, 150, 149, 75, 45, 53, 85]",34.73979999999971,False
"[97, 104, 149, 150, 74, 44, 50, 84]",UP_RIGHT,"[97, 105, 149, 150, 75, 45, 51, 85]",34.79104999999971,False
"[97, 105, 149, 149, 75, 43, 49, 83]",UP_RIGHT,"[98, 106, 149, 149, 76, 44, 50, 84]",34.84069999999971,False
"[98, 105, 149, 149, 75, 43, 48, 82]",UP_RIGHT,"[99, 106, 149, 149, 76, 44, 49, 83]",34.86519999999972,False
"[99, 105, 149, 150, 76, 42, 46, 81]",UP_RIGHT,"[100, 106, 149, 150, 76, 43, 48, 82]",34.878299999999705,False
"[100, 105, 150, 149, 76, 42, 45, 79]",UP_RIGHT,"[101, 106, 150, 149, 77, 43, 47, 80]",34.858449999999706,False
"[100, 105, 149, 149, 75, 41, 44, 79]",UP_RIGHT,"[102, 106, 149, 149, 76, 42, 45, 80]",34.92844999999971,False
"[101, 105, 149, 149, 75, 41, 43, 77]",UP_RIGHT,"[102, 106, 149, 149, 76, 42, 44, 78]",34.89419999999971,False
"[101, 107, 150, 149, 76, 40, 42, 75]",UP_RIGHT,"[102, 108, 150, 149, 77, 41, 43, 76]",34.881699999999704,False
"[101, 107, 149, 150, 77, 40, 41, 74]",UP_RIGHT,"[102, 108, 149, 150, 78, 41, 42, 76]",34.910549999999695,False
"[102, 107, 149, 149, 77, 39, 40, 73]",UP_RIGHT,"[103, 108, 149, 149, 78, 40, 41, 74]",34.893449999999696,False
"[102, 107, 149, 150, 78, 39, 39, 71]",UP_RIGHT,"[103, 108, 149, 150, 79, 40, 40, 73]",34.8674499999997,False
"[103, 108, 149, 149, 79, 39, 38, 71]",UP_RIGHT,"[103, 108, 149, 149, 80, 39, 39, 72]",34.8882999999997,False
"[102, 108, 150, 149, 80, 37, 37, 70]",UP_RIGHT,"[103, 109, 150, 149, 81, 38, 38, 71]",34.9532999999997,False
"[103, 108, 149, 149, 81, 36, 36, 68]",UP_RIGHT,"[104, 109, 149, 149, 82, 38, 38, 69]",34.86624999999969,False
"[103, 108, 149, 149, 82, 36, 36, 67]",UP_RIGHT,"[104, 109, 149, 149, 83, 37, 37, 68]",34.8806999999997,False
"[103, 110, 149, 149, 82, 35, 35, 64]",UP_RIGHT,"[104, 111, 149, 149, 83, 37, 36, 65]",34.7719499999997,False
"[103, 110, 149, 149, 82, 35, 34, 63]",UP_RIGHT,"[104, 111, 149, 149, 83, 36, 35, 64]",34.7774999999997,False
"[104, 110, 149, 150, 83, 34, 33, 62]",UP_RIGHT,"[105, 111, 149, 150, 84, 36, 34, 64]",34.713799999999694,False
"[104, 110, 149, 149, 85, 34, 32, 61]",UP_RIGHT,"[105, 112, 149, 149, 86, 35, 33, 62]",34.71704999999969,False
"[104, 111, 149, 149, 87, 34, 31, 58]",UP_RIGHT,"[105, 112, 149, 149, 88, 35, 32, 60]",34.574699999999694,False
"[104, 111, 149, 149, 87, 33, 31, 57]",UP_RIGHT,"[105, 111, 149, 149, 89, 34, 32, 58]",34.57154999999969,False
"[104, 112, 149, 149, 87, 33, 30, 54]",UP_RIGHT,"[105, 113, 149, 149, 88, 34, 31, 55]",34.40999999999969,False
"[104, 112, 149, 149, 90, 32, 29, 53]",UP_RIGHT,"[105, 113, 149, 149, 91, 34, 30, 54]",34.39794999999969,False
"[104, 112, 149, 150, 92, 32, 28, 52]",UP_RIGHT,"[105, 114, 149, 150, 93, 33, 29, 52]",34.38179999999968,False
"[104, 113, 150, 149, 95, 31, 28, 49]",UP_RIGHT,"[105, 113, 150, 149, 96, 33, 29, 50]",34.198749999999684,False
"[104, 114, 149, 149, 94, 31, 27, 49]",UP_RIGHT,"[105, 115, 149, 149, 95, 33, 28, 50]",34.268749999999685,False
"[103, 114, 149, 149, 98, 31, 26, 47]",UP_RIGHT,"[104, 115, 149, 149, 99, 31, 28, 48]",34.24869999999969,False
"[103, 115, 149, 149, 102, 30, 26, 45]",UP_RIGHT,"[104, 116, 149, 149, 103, 32, 27, 45]",34.138799999999684,False
"[102, 116, 149, 146, 102, 30, 25, 43]",UP_RIGHT,"[103, 116, 149, 147, 103, 31, 26, 44]",34.113949999999676,False
"[101, 116, 149, 144, 106, 30, 25, 41]",UP_RIGHT,"[102, 117, 149, 145, 107, 31, 26, 43]",34.08999999999968,False
"[101, 116, 149, 143, 110, 30, 24, 40]",UP_RIGHT,"[102, 116, 149, 144, 111, 30, 25, 41]",34.061949999999676,False
"[100, 116, 149, 141, 113, 29, 23, 38]",UP_RIGHT,"[101, 118, 149, 143, 114, 30, 24, 39]",34.03229999999968,False
"[98, 117, 149, 137, 118, 29, 23, 37]",UP_RIGHT,"[99, 118, 149, 138, 119, 30, 24, 38]",34.19944999999967,False
"[97, 117, 149, 137, 124, 28, 22, 35]",UP_RIGHT,"[98, 119, 149, 138, 125, 29, 23, 36]",34.16979999999967,False
"[96, 118, 149, 135, 127, 27, 22, 33]",UP_RIGHT,"[97, 119, 149, 136, 128, 28, 23, 35]",34.141049999999666,False
"[95, 120, 149, 134, 136, 27, 21, 32]",UP_RIGHT,"[96, 122, 149, 149, 137, 29, 22, 33]",34.203549999999666,False
"[95, 121, 149, 149, 146, 27, 21, 31]",UP_RIGHT,"[96, 123, 149, 149, 147, 29, 22, 32]",34.17819999999967,False
"[95, 122, 149, 149, 149, 27, 20, 30]",UP_RIGHT,"[96, 122, 149, 149, 149, 27, 21, 31]",34.14374999999967,False
"[93, 122, 150, 149, 149, 27, 20, 29]",UP_RIGHT,"[94, 123, 150, 149, 149, 28, 21, 30]",34.31319999999967,False
"[92, 122, 149, 149, 149, 26, 19, 27]",UP_RIGHT,"[93, 122, 149, 149, 149, 27, 20, 28]",-600.0,True
